date,sha256_third,sha256_primary,identical
2021-11-12,f0273ec62e9bb94275fd7000846674f357483a3f87b031254a071462e8cef62a,f0273ec62e9bb94275fd7000846674f357483a3f87b031254a071462e8cef62a,1
2021-11-13,f0273ec62e9bb94275fd7000846674f357483a3f87b031254a071462e8cef62a,f0273ec62e9bb94275fd7000846674f357483a3f87b031254a071462e8cef62a,1
2021-11-14,f0273ec62e9bb94275fd7000846674f357483a3f87b031254a071462e8cef62a,f0273ec62e9bb94275fd7000846674f357483a3f87b031254a071462e8cef62a,1
2021-11-15,f0273ec62e9bb94275fd7000846674f357483a3f87b031254a071462e8cef62a,f0273ec62e9bb94275fd7000846674f357483a3f87b031254a071462e8cef62a,1
2021-11-16,f0273ec62e9bb94275fd7000846674f357483a3f87b031254a071462e8cef62a,f0273ec62e9bb94275fd7000846674f357483a3f87b031254a071462e8cef62a,1
2021-11-17,f0273ec62e9bb94275fd7000846674f357483a3f87b031254a071462e8cef62a,f0273ec62e9bb94275fd7000846674f357483a3f87b031254a071462e8cef62a,1
2021-11-18,ef1457126e00da667e052e877ad240cc722b275b3f97eb38f32f82b38838bc74,ef1457126e00da667e052e877ad240cc722b275b3f97eb38f32f82b38838bc74,1
2021-11-19,ef1457126e00da667e052e877ad240cc722b275b3f97eb38f32f82b38838bc74,ef1457126e00da667e052e877ad240cc722b275b3f97eb38f32f82b38838bc74,1
2021-11-20,ef1457126e00da667e052e877ad240cc722b275b3f97eb38f32f82b38838bc74,ef1457126e00da667e052e877ad240cc722b275b3f97eb38f32f82b38838bc74,1
2021-11-21,ef1457126e00da667e052e877ad240cc722b275b3f97eb38f32f82b38838bc74,ef1457126e00da667e052e877ad240cc722b275b3f97eb38f32f82b38838bc74,1
2021-11-22,ef1457126e00da667e052e877ad240cc722b275b3f97eb38f32f82b38838bc74,ef1457126e00da667e052e877ad240cc722b275b3f97eb38f32f82b38838bc74,1
2021-11-23,ef1457126e00da667e052e877ad240cc722b275b3f97eb38f32f82b38838bc74,ef1457126e00da667e052e877ad240cc722b275b3f97eb38f32f82b38838bc74,1
2021-11-24,ef1457126e00da667e052e877ad240cc722b275b3f97eb38f32f82b38838bc74,ef1457126e00da667e052e877ad240cc722b275b3f97eb38f32f82b38838bc74,1
2021-11-25,ef1457126e00da667e052e877ad240cc722b275b3f97eb38f32f82b38838bc74,ef1457126e00da667e052e877ad240cc722b275b3f97eb38f32f82b38838bc74,1
2021-11-26,ef1457126e00da667e052e877ad240cc722b275b3f97eb38f32f82b38838bc74,ef1457126e00da667e052e877ad240cc722b275b3f97eb38f32f82b38838bc74,1
2021-11-27,ef1457126e00da667e052e877ad240cc722b275b3f97eb38f32f82b38838bc74,ef1457126e00da667e052e877ad240cc722b275b3f97eb38f32f82b38838bc74,1
2021-11-28,ef1457126e00da667e052e877ad240cc722b275b3f97eb38f32f82b38838bc74,ef1457126e00da667e052e877ad240cc722b275b3f97eb38f32f82b38838bc74,1
2021-11-29,ef1457126e00da667e052e877ad240cc722b275b3f97eb38f32f82b38838bc74,ef1457126e00da667e052e877ad240cc722b275b3f97eb38f32f82b38838bc74,1
2021-11-30,ef1457126e00da667e052e877ad240cc722b275b3f97eb38f32f82b38838bc74,ef1457126e00da667e052e877ad240cc722b275b3f97eb38f32f82b38838bc74,1
2021-12-01,0abd962920dd7b67c92bc2eb6b6c6e9d78e7e85e3110cb71ed5951eb60f9abe9,0abd962920dd7b67c92bc2eb6b6c6e9d78e7e85e3110cb71ed5951eb60f9abe9,1
2021-12-02,0abd962920dd7b67c92bc2eb6b6c6e9d78e7e85e3110cb71ed5951eb60f9abe9,0abd962920dd7b67c92bc2eb6b6c6e9d78e7e85e3110cb71ed5951eb60f9abe9,1
2021-12-03,0abd962920dd7b67c92bc2eb6b6c6e9d78e7e85e3110cb71ed5951eb60f9abe9,0abd962920dd7b67c92bc2eb6b6c6e9d78e7e85e3110cb71ed5951eb60f9abe9,1
2021-12-04,0abd962920dd7b67c92bc2eb6b6c6e9d78e7e85e3110cb71ed5951eb60f9abe9,0abd962920dd7b67c92bc2eb6b6c6e9d78e7e85e3110cb71ed5951eb60f9abe9,1
2021-12-05,0abd962920dd7b67c92bc2eb6b6c6e9d78e7e85e3110cb71ed5951eb60f9abe9,0abd962920dd7b67c92bc2eb6b6c6e9d78e7e85e3110cb71ed5951eb60f9abe9,1
2021-12-06,0abd962920dd7b67c92bc2eb6b6c6e9d78e7e85e3110cb71ed5951eb60f9abe9,0abd962920dd7b67c92bc2eb6b6c6e9d78e7e85e3110cb71ed5951eb60f9abe9,1
2021-12-07,0abd962920dd7b67c92bc2eb6b6c6e9d78e7e85e3110cb71ed5951eb60f9abe9,0abd962920dd7b67c92bc2eb6b6c6e9d78e7e85e3110cb71ed5951eb60f9abe9,1
2021-12-08,0abd962920dd7b67c92bc2eb6b6c6e9d78e7e85e3110cb71ed5951eb60f9abe9,0abd962920dd7b67c92bc2eb6b6c6e9d78e7e85e3110cb71ed5951eb60f9abe9,1
2021-12-09,0abd962920dd7b67c92bc2eb6b6c6e9d78e7e85e3110cb71ed5951eb60f9abe9,0abd962920dd7b67c92bc2eb6b6c6e9d78e7e85e3110cb71ed5951eb60f9abe9,1
2021-12-10,0abd962920dd7b67c92bc2eb6b6c6e9d78e7e85e3110cb71ed5951eb60f9abe9,0abd962920dd7b67c92bc2eb6b6c6e9d78e7e85e3110cb71ed5951eb60f9abe9,1
2021-12-11,8cc5251d37e2dad464c3dbb3936d0c3fe94542d3392b15c4475e00bb2f439256,8cc5251d37e2dad464c3dbb3936d0c3fe94542d3392b15c4475e00bb2f439256,1
2021-12-12,8cc5251d37e2dad464c3dbb3936d0c3fe94542d3392b15c4475e00bb2f439256,8cc5251d37e2dad464c3dbb3936d0c3fe94542d3392b15c4475e00bb2f439256,1
2021-12-13,8cc5251d37e2dad464c3dbb3936d0c3fe94542d3392b15c4475e00bb2f439256,8cc5251d37e2dad464c3dbb3936d0c3fe94542d3392b15c4475e00bb2f439256,1
2021-12-14,8cc5251d37e2dad464c3dbb3936d0c3fe94542d3392b15c4475e00bb2f439256,8cc5251d37e2dad464c3dbb3936d0c3fe94542d3392b15c4475e00bb2f439256,1
2021-12-15,dadca3c7e65049237c3547edec742c056a48a9953bcdd852d4822364891f718b,dadca3c7e65049237c3547edec742c056a48a9953bcdd852d4822364891f718b,1
2021-12-16,1a288f56f9760544e09944b1b24ff49fbf4177957ccc945b5b60b6277fbd8bc4,1a288f56f9760544e09944b1b24ff49fbf4177957ccc945b5b60b6277fbd8bc4,1
2021-12-17,1a288f56f9760544e09944b1b24ff49fbf4177957ccc945b5b60b6277fbd8bc4,1a288f56f9760544e09944b1b24ff49fbf4177957ccc945b5b60b6277fbd8bc4,1
2021-12-18,1a288f56f9760544e09944b1b24ff49fbf4177957ccc945b5b60b6277fbd8bc4,1a288f56f9760544e09944b1b24ff49fbf4177957ccc945b5b60b6277fbd8bc4,1
2021-12-19,1a288f56f9760544e09944b1b24ff49fbf4177957ccc945b5b60b6277fbd8bc4,1a288f56f9760544e09944b1b24ff49fbf4177957ccc945b5b60b6277fbd8bc4,1
2021-12-20,1a288f56f9760544e09944b1b24ff49fbf4177957ccc945b5b60b6277fbd8bc4,1a288f56f9760544e09944b1b24ff49fbf4177957ccc945b5b60b6277fbd8bc4,1
2021-12-21,1a288f56f9760544e09944b1b24ff49fbf4177957ccc945b5b60b6277fbd8bc4,1a288f56f9760544e09944b1b24ff49fbf4177957ccc945b5b60b6277fbd8bc4,1
2021-12-22,1a288f56f9760544e09944b1b24ff49fbf4177957ccc945b5b60b6277fbd8bc4,1a288f56f9760544e09944b1b24ff49fbf4177957ccc945b5b60b6277fbd8bc4,1
2021-12-23,1a288f56f9760544e09944b1b24ff49fbf4177957ccc945b5b60b6277fbd8bc4,1a288f56f9760544e09944b1b24ff49fbf4177957ccc945b5b60b6277fbd8bc4,1
2021-12-24,1a288f56f9760544e09944b1b24ff49fbf4177957ccc945b5b60b6277fbd8bc4,1a288f56f9760544e09944b1b24ff49fbf4177957ccc945b5b60b6277fbd8bc4,1
2021-12-25,1a288f56f9760544e09944b1b24ff49fbf4177957ccc945b5b60b6277fbd8bc4,1a288f56f9760544e09944b1b24ff49fbf4177957ccc945b5b60b6277fbd8bc4,1
2021-12-26,1a288f56f9760544e09944b1b24ff49fbf4177957ccc945b5b60b6277fbd8bc4,1a288f56f9760544e09944b1b24ff49fbf4177957ccc945b5b60b6277fbd8bc4,1
2021-12-27,1a288f56f9760544e09944b1b24ff49fbf4177957ccc945b5b60b6277fbd8bc4,1a288f56f9760544e09944b1b24ff49fbf4177957ccc945b5b60b6277fbd8bc4,1
2021-12-28,1a288f56f9760544e09944b1b24ff49fbf4177957ccc945b5b60b6277fbd8bc4,1a288f56f9760544e09944b1b24ff49fbf4177957ccc945b5b60b6277fbd8bc4,1
2021-12-29,1a288f56f9760544e09944b1b24ff49fbf4177957ccc945b5b60b6277fbd8bc4,1a288f56f9760544e09944b1b24ff49fbf4177957ccc945b5b60b6277fbd8bc4,1
2021-12-30,1a288f56f9760544e09944b1b24ff49fbf4177957ccc945b5b60b6277fbd8bc4,1a288f56f9760544e09944b1b24ff49fbf4177957ccc945b5b60b6277fbd8bc4,1
2021-12-31,1a288f56f9760544e09944b1b24ff49fbf4177957ccc945b5b60b6277fbd8bc4,1a288f56f9760544e09944b1b24ff49fbf4177957ccc945b5b60b6277fbd8bc4,1
2022-01-01,1a288f56f9760544e09944b1b24ff49fbf4177957ccc945b5b60b6277fbd8bc4,1a288f56f9760544e09944b1b24ff49fbf4177957ccc945b5b60b6277fbd8bc4,1
2022-01-02,1a288f56f9760544e09944b1b24ff49fbf4177957ccc945b5b60b6277fbd8bc4,1a288f56f9760544e09944b1b24ff49fbf4177957ccc945b5b60b6277fbd8bc4,1
2022-01-03,1a288f56f9760544e09944b1b24ff49fbf4177957ccc945b5b60b6277fbd8bc4,1a288f56f9760544e09944b1b24ff49fbf4177957ccc945b5b60b6277fbd8bc4,1
2022-01-04,1a288f56f9760544e09944b1b24ff49fbf4177957ccc945b5b60b6277fbd8bc4,1a288f56f9760544e09944b1b24ff49fbf4177957ccc945b5b60b6277fbd8bc4,1
2022-01-05,1a288f56f9760544e09944b1b24ff49fbf4177957ccc945b5b60b6277fbd8bc4,1a288f56f9760544e09944b1b24ff49fbf4177957ccc945b5b60b6277fbd8bc4,1
2022-01-06,1a288f56f9760544e09944b1b24ff49fbf4177957ccc945b5b60b6277fbd8bc4,1a288f56f9760544e09944b1b24ff49fbf4177957ccc945b5b60b6277fbd8bc4,1
2022-01-07,1a288f56f9760544e09944b1b24ff49fbf4177957ccc945b5b60b6277fbd8bc4,1a288f56f9760544e09944b1b24ff49fbf4177957ccc945b5b60b6277fbd8bc4,1
2022-01-08,1a288f56f9760544e09944b1b24ff49fbf4177957ccc945b5b60b6277fbd8bc4,1a288f56f9760544e09944b1b24ff49fbf4177957ccc945b5b60b6277fbd8bc4,1
2022-01-09,1a288f56f9760544e09944b1b24ff49fbf4177957ccc945b5b60b6277fbd8bc4,1a288f56f9760544e09944b1b24ff49fbf4177957ccc945b5b60b6277fbd8bc4,1
2022-01-10,55aa336b7c15da700ad88858052d0e1d881ff7bc5ddf34e6683eab447a46b4cc,55aa336b7c15da700ad88858052d0e1d881ff7bc5ddf34e6683eab447a46b4cc,1
2022-01-11,55aa336b7c15da700ad88858052d0e1d881ff7bc5ddf34e6683eab447a46b4cc,55aa336b7c15da700ad88858052d0e1d881ff7bc5ddf34e6683eab447a46b4cc,1
2022-01-12,dc9859b50b4334cec68dc7c2877ecabd574bfd382a122cb4c7bc9217d4a374c8,dc9859b50b4334cec68dc7c2877ecabd574bfd382a122cb4c7bc9217d4a374c8,1
2022-01-13,dc9859b50b4334cec68dc7c2877ecabd574bfd382a122cb4c7bc9217d4a374c8,dc9859b50b4334cec68dc7c2877ecabd574bfd382a122cb4c7bc9217d4a374c8,1
2022-01-14,dc9859b50b4334cec68dc7c2877ecabd574bfd382a122cb4c7bc9217d4a374c8,dc9859b50b4334cec68dc7c2877ecabd574bfd382a122cb4c7bc9217d4a374c8,1
2022-01-15,dc9859b50b4334cec68dc7c2877ecabd574bfd382a122cb4c7bc9217d4a374c8,dc9859b50b4334cec68dc7c2877ecabd574bfd382a122cb4c7bc9217d4a374c8,1
2022-01-16,dc9859b50b4334cec68dc7c2877ecabd574bfd382a122cb4c7bc9217d4a374c8,dc9859b50b4334cec68dc7c2877ecabd574bfd382a122cb4c7bc9217d4a374c8,1
2022-01-17,dc9859b50b4334cec68dc7c2877ecabd574bfd382a122cb4c7bc9217d4a374c8,dc9859b50b4334cec68dc7c2877ecabd574bfd382a122cb4c7bc9217d4a374c8,1
2022-01-18,dc9859b50b4334cec68dc7c2877ecabd574bfd382a122cb4c7bc9217d4a374c8,dc9859b50b4334cec68dc7c2877ecabd574bfd382a122cb4c7bc9217d4a374c8,1
2022-01-19,204a5016e4cee815c600a1e1812cc2a726c1ebbbf76d99763411a36f0f2c158e,204a5016e4cee815c600a1e1812cc2a726c1ebbbf76d99763411a36f0f2c158e,1
2022-01-20,204a5016e4cee815c600a1e1812cc2a726c1ebbbf76d99763411a36f0f2c158e,204a5016e4cee815c600a1e1812cc2a726c1ebbbf76d99763411a36f0f2c158e,1
2022-01-21,204a5016e4cee815c600a1e1812cc2a726c1ebbbf76d99763411a36f0f2c158e,204a5016e4cee815c600a1e1812cc2a726c1ebbbf76d99763411a36f0f2c158e,1
2022-01-22,94f050e619f034b4ea0c2b515e207cd982554acf384aba0640f27abdbae90740,94f050e619f034b4ea0c2b515e207cd982554acf384aba0640f27abdbae90740,1
2022-01-23,94f050e619f034b4ea0c2b515e207cd982554acf384aba0640f27abdbae90740,94f050e619f034b4ea0c2b515e207cd982554acf384aba0640f27abdbae90740,1
2022-01-24,94f050e619f034b4ea0c2b515e207cd982554acf384aba0640f27abdbae90740,94f050e619f034b4ea0c2b515e207cd982554acf384aba0640f27abdbae90740,1
2022-01-25,94f050e619f034b4ea0c2b515e207cd982554acf384aba0640f27abdbae90740,94f050e619f034b4ea0c2b515e207cd982554acf384aba0640f27abdbae90740,1
2022-01-26,94f050e619f034b4ea0c2b515e207cd982554acf384aba0640f27abdbae90740,94f050e619f034b4ea0c2b515e207cd982554acf384aba0640f27abdbae90740,1
2022-01-27,94f050e619f034b4ea0c2b515e207cd982554acf384aba0640f27abdbae90740,94f050e619f034b4ea0c2b515e207cd982554acf384aba0640f27abdbae90740,1
2022-01-28,d862e2dfb6195955c6b51221ca95d3a4aaee6883af90d6dd4d6ea4407ad6dc19,d862e2dfb6195955c6b51221ca95d3a4aaee6883af90d6dd4d6ea4407ad6dc19,1
2022-01-29,d862e2dfb6195955c6b51221ca95d3a4aaee6883af90d6dd4d6ea4407ad6dc19,d862e2dfb6195955c6b51221ca95d3a4aaee6883af90d6dd4d6ea4407ad6dc19,1
2022-01-30,d862e2dfb6195955c6b51221ca95d3a4aaee6883af90d6dd4d6ea4407ad6dc19,d862e2dfb6195955c6b51221ca95d3a4aaee6883af90d6dd4d6ea4407ad6dc19,1
2022-01-31,d862e2dfb6195955c6b51221ca95d3a4aaee6883af90d6dd4d6ea4407ad6dc19,d862e2dfb6195955c6b51221ca95d3a4aaee6883af90d6dd4d6ea4407ad6dc19,1
2022-02-01,d862e2dfb6195955c6b51221ca95d3a4aaee6883af90d6dd4d6ea4407ad6dc19,d862e2dfb6195955c6b51221ca95d3a4aaee6883af90d6dd4d6ea4407ad6dc19,1
2022-02-02,d862e2dfb6195955c6b51221ca95d3a4aaee6883af90d6dd4d6ea4407ad6dc19,d862e2dfb6195955c6b51221ca95d3a4aaee6883af90d6dd4d6ea4407ad6dc19,1
2022-02-03,d862e2dfb6195955c6b51221ca95d3a4aaee6883af90d6dd4d6ea4407ad6dc19,d862e2dfb6195955c6b51221ca95d3a4aaee6883af90d6dd4d6ea4407ad6dc19,1
2022-02-04,d26280115aae0ac1c7c93d61371e7a54f98beb88e72574d32d4d450a3967b723,d26280115aae0ac1c7c93d61371e7a54f98beb88e72574d32d4d450a3967b723,1
2022-02-05,d26280115aae0ac1c7c93d61371e7a54f98beb88e72574d32d4d450a3967b723,d26280115aae0ac1c7c93d61371e7a54f98beb88e72574d32d4d450a3967b723,1
2022-02-06,d26280115aae0ac1c7c93d61371e7a54f98beb88e72574d32d4d450a3967b723,d26280115aae0ac1c7c93d61371e7a54f98beb88e72574d32d4d450a3967b723,1
2022-02-07,d26280115aae0ac1c7c93d61371e7a54f98beb88e72574d32d4d450a3967b723,d26280115aae0ac1c7c93d61371e7a54f98beb88e72574d32d4d450a3967b723,1
2022-02-08,d26280115aae0ac1c7c93d61371e7a54f98beb88e72574d32d4d450a3967b723,d26280115aae0ac1c7c93d61371e7a54f98beb88e72574d32d4d450a3967b723,1
2022-02-09,d26280115aae0ac1c7c93d61371e7a54f98beb88e72574d32d4d450a3967b723,d26280115aae0ac1c7c93d61371e7a54f98beb88e72574d32d4d450a3967b723,1
2022-02-10,d26280115aae0ac1c7c93d61371e7a54f98beb88e72574d32d4d450a3967b723,d26280115aae0ac1c7c93d61371e7a54f98beb88e72574d32d4d450a3967b723,1
2022-02-11,6ff351af2689c4881d4d52b374c038441ce5592bab83f66e1453fd61f99bca1d,6ff351af2689c4881d4d52b374c038441ce5592bab83f66e1453fd61f99bca1d,1
2022-02-12,6ff351af2689c4881d4d52b374c038441ce5592bab83f66e1453fd61f99bca1d,6ff351af2689c4881d4d52b374c038441ce5592bab83f66e1453fd61f99bca1d,1
2022-02-13,6ff351af2689c4881d4d52b374c038441ce5592bab83f66e1453fd61f99bca1d,6ff351af2689c4881d4d52b374c038441ce5592bab83f66e1453fd61f99bca1d,1
2022-02-14,6ff351af2689c4881d4d52b374c038441ce5592bab83f66e1453fd61f99bca1d,6ff351af2689c4881d4d52b374c038441ce5592bab83f66e1453fd61f99bca1d,1
2022-02-15,6ff351af2689c4881d4d52b374c038441ce5592bab83f66e1453fd61f99bca1d,6ff351af2689c4881d4d52b374c038441ce5592bab83f66e1453fd61f99bca1d,1
2022-02-16,797e190a15ed26ede677d8cd9697410d7918b7068e569471561940077de1f2f3,797e190a15ed26ede677d8cd9697410d7918b7068e569471561940077de1f2f3,1
2022-02-17,797e190a15ed26ede677d8cd9697410d7918b7068e569471561940077de1f2f3,797e190a15ed26ede677d8cd9697410d7918b7068e569471561940077de1f2f3,1
2022-02-18,797e190a15ed26ede677d8cd9697410d7918b7068e569471561940077de1f2f3,797e190a15ed26ede677d8cd9697410d7918b7068e569471561940077de1f2f3,1
2022-02-19,797e190a15ed26ede677d8cd9697410d7918b7068e569471561940077de1f2f3,797e190a15ed26ede677d8cd9697410d7918b7068e569471561940077de1f2f3,1
2022-02-20,797e190a15ed26ede677d8cd9697410d7918b7068e569471561940077de1f2f3,797e190a15ed26ede677d8cd9697410d7918b7068e569471561940077de1f2f3,1
2022-02-21,797e190a15ed26ede677d8cd9697410d7918b7068e569471561940077de1f2f3,797e190a15ed26ede677d8cd9697410d7918b7068e569471561940077de1f2f3,1
2022-02-22,797e190a15ed26ede677d8cd9697410d7918b7068e569471561940077de1f2f3,797e190a15ed26ede677d8cd9697410d7918b7068e569471561940077de1f2f3,1
2022-02-23,43979505c3e6494aba07518ea46ad9a3a1438f3b6c65578063b66c81fda0b6eb,43979505c3e6494aba07518ea46ad9a3a1438f3b6c65578063b66c81fda0b6eb,1
2022-02-24,43979505c3e6494aba07518ea46ad9a3a1438f3b6c65578063b66c81fda0b6eb,43979505c3e6494aba07518ea46ad9a3a1438f3b6c65578063b66c81fda0b6eb,1
2022-02-25,43979505c3e6494aba07518ea46ad9a3a1438f3b6c65578063b66c81fda0b6eb,43979505c3e6494aba07518ea46ad9a3a1438f3b6c65578063b66c81fda0b6eb,1
2022-02-26,6b00dc2bcab74db0e9a817bb1f2946d0fac723b5bac1b1cf253c9dc20549824f,6b00dc2bcab74db0e9a817bb1f2946d0fac723b5bac1b1cf253c9dc20549824f,1
2022-02-27,6b00dc2bcab74db0e9a817bb1f2946d0fac723b5bac1b1cf253c9dc20549824f,6b00dc2bcab74db0e9a817bb1f2946d0fac723b5bac1b1cf253c9dc20549824f,1
2022-02-28,6b00dc2bcab74db0e9a817bb1f2946d0fac723b5bac1b1cf253c9dc20549824f,6b00dc2bcab74db0e9a817bb1f2946d0fac723b5bac1b1cf253c9dc20549824f,1
2022-03-01,6b00dc2bcab74db0e9a817bb1f2946d0fac723b5bac1b1cf253c9dc20549824f,6b00dc2bcab74db0e9a817bb1f2946d0fac723b5bac1b1cf253c9dc20549824f,1
2022-03-02,6b00dc2bcab74db0e9a817bb1f2946d0fac723b5bac1b1cf253c9dc20549824f,6b00dc2bcab74db0e9a817bb1f2946d0fac723b5bac1b1cf253c9dc20549824f,1
2022-03-03,1d4e3cacefdc3f4e4a7d21e42d7912c165a121a9e8f9e455d2fe3a67474e35f1,1d4e3cacefdc3f4e4a7d21e42d7912c165a121a9e8f9e455d2fe3a67474e35f1,1
2022-03-04,a1288d84e413941016c6d3c639e5029f32c40e5c172d09d64bb3a2d2104fc8c8,a1288d84e413941016c6d3c639e5029f32c40e5c172d09d64bb3a2d2104fc8c8,1
2022-03-05,a1288d84e413941016c6d3c639e5029f32c40e5c172d09d64bb3a2d2104fc8c8,a1288d84e413941016c6d3c639e5029f32c40e5c172d09d64bb3a2d2104fc8c8,1
2022-03-06,a1288d84e413941016c6d3c639e5029f32c40e5c172d09d64bb3a2d2104fc8c8,a1288d84e413941016c6d3c639e5029f32c40e5c172d09d64bb3a2d2104fc8c8,1
2022-03-07,a1288d84e413941016c6d3c639e5029f32c40e5c172d09d64bb3a2d2104fc8c8,a1288d84e413941016c6d3c639e5029f32c40e5c172d09d64bb3a2d2104fc8c8,1
2022-03-08,d6bc2f5e538df707227fe8e5013af84c3474fb57d2e2298db0e6a7b61f28f7fe,d6bc2f5e538df707227fe8e5013af84c3474fb57d2e2298db0e6a7b61f28f7fe,1
2022-03-09,d6bc2f5e538df707227fe8e5013af84c3474fb57d2e2298db0e6a7b61f28f7fe,d6bc2f5e538df707227fe8e5013af84c3474fb57d2e2298db0e6a7b61f28f7fe,1
2022-03-10,d6bc2f5e538df707227fe8e5013af84c3474fb57d2e2298db0e6a7b61f28f7fe,d6bc2f5e538df707227fe8e5013af84c3474fb57d2e2298db0e6a7b61f28f7fe,1
2022-03-11,d6bc2f5e538df707227fe8e5013af84c3474fb57d2e2298db0e6a7b61f28f7fe,d6bc2f5e538df707227fe8e5013af84c3474fb57d2e2298db0e6a7b61f28f7fe,1
2022-03-12,d6bc2f5e538df707227fe8e5013af84c3474fb57d2e2298db0e6a7b61f28f7fe,d6bc2f5e538df707227fe8e5013af84c3474fb57d2e2298db0e6a7b61f28f7fe,1
2022-03-13,d6bc2f5e538df707227fe8e5013af84c3474fb57d2e2298db0e6a7b61f28f7fe,d6bc2f5e538df707227fe8e5013af84c3474fb57d2e2298db0e6a7b61f28f7fe,1
2022-03-14,d6bc2f5e538df707227fe8e5013af84c3474fb57d2e2298db0e6a7b61f28f7fe,d6bc2f5e538df707227fe8e5013af84c3474fb57d2e2298db0e6a7b61f28f7fe,1
2022-03-15,d6bc2f5e538df707227fe8e5013af84c3474fb57d2e2298db0e6a7b61f28f7fe,d6bc2f5e538df707227fe8e5013af84c3474fb57d2e2298db0e6a7b61f28f7fe,1
2022-03-16,07c7af2986ad28b1a41a1b1770b11e9696bc88fa2eea6476e1068e717688d29f,07c7af2986ad28b1a41a1b1770b11e9696bc88fa2eea6476e1068e717688d29f,1
2022-03-17,07c7af2986ad28b1a41a1b1770b11e9696bc88fa2eea6476e1068e717688d29f,07c7af2986ad28b1a41a1b1770b11e9696bc88fa2eea6476e1068e717688d29f,1
2022-03-18,07c7af2986ad28b1a41a1b1770b11e9696bc88fa2eea6476e1068e717688d29f,07c7af2986ad28b1a41a1b1770b11e9696bc88fa2eea6476e1068e717688d29f,1
2022-03-19,07c7af2986ad28b1a41a1b1770b11e9696bc88fa2eea6476e1068e717688d29f,07c7af2986ad28b1a41a1b1770b11e9696bc88fa2eea6476e1068e717688d29f,1
2022-03-20,07c7af2986ad28b1a41a1b1770b11e9696bc88fa2eea6476e1068e717688d29f,07c7af2986ad28b1a41a1b1770b11e9696bc88fa2eea6476e1068e717688d29f,1
2022-03-21,07c7af2986ad28b1a41a1b1770b11e9696bc88fa2eea6476e1068e717688d29f,07c7af2986ad28b1a41a1b1770b11e9696bc88fa2eea6476e1068e717688d29f,1
2022-03-22,07c7af2986ad28b1a41a1b1770b11e9696bc88fa2eea6476e1068e717688d29f,07c7af2986ad28b1a41a1b1770b11e9696bc88fa2eea6476e1068e717688d29f,1
2022-03-23,07c7af2986ad28b1a41a1b1770b11e9696bc88fa2eea6476e1068e717688d29f,07c7af2986ad28b1a41a1b1770b11e9696bc88fa2eea6476e1068e717688d29f,1
2022-03-24,07c7af2986ad28b1a41a1b1770b11e9696bc88fa2eea6476e1068e717688d29f,07c7af2986ad28b1a41a1b1770b11e9696bc88fa2eea6476e1068e717688d29f,1
2022-03-25,07c7af2986ad28b1a41a1b1770b11e9696bc88fa2eea6476e1068e717688d29f,07c7af2986ad28b1a41a1b1770b11e9696bc88fa2eea6476e1068e717688d29f,1
2022-03-26,84316f2609809c41fc215b00ab8fa7e568d8c7136793c40ca3ea3b6a9036f9b0,84316f2609809c41fc215b00ab8fa7e568d8c7136793c40ca3ea3b6a9036f9b0,1
2022-03-27,84316f2609809c41fc215b00ab8fa7e568d8c7136793c40ca3ea3b6a9036f9b0,84316f2609809c41fc215b00ab8fa7e568d8c7136793c40ca3ea3b6a9036f9b0,1
2022-03-28,7df785925b14841aa4045a2c2f61410de4bc5c1b1d27f62b460d4a708d4ab1f1,7df785925b14841aa4045a2c2f61410de4bc5c1b1d27f62b460d4a708d4ab1f1,1
2022-03-29,85c8adda76013ce8bf08a7744adb7370765c5f2cd0519f666f7dd7263575ac01,85c8adda76013ce8bf08a7744adb7370765c5f2cd0519f666f7dd7263575ac01,1
2022-03-30,85c8adda76013ce8bf08a7744adb7370765c5f2cd0519f666f7dd7263575ac01,85c8adda76013ce8bf08a7744adb7370765c5f2cd0519f666f7dd7263575ac01,1
2022-03-31,4be761ce6aced95cb1d568bb3e89a9258e987d4c28693f3576bcd0e97c1202fe,4be761ce6aced95cb1d568bb3e89a9258e987d4c28693f3576bcd0e97c1202fe,1
2022-04-01,ace700407dd7229c0c538c5108a5c627a9aad289190752603e22e4e546e3cc2e,ace700407dd7229c0c538c5108a5c627a9aad289190752603e22e4e546e3cc2e,1
2022-04-02,ace700407dd7229c0c538c5108a5c627a9aad289190752603e22e4e546e3cc2e,ace700407dd7229c0c538c5108a5c627a9aad289190752603e22e4e546e3cc2e,1
2022-04-03,ace700407dd7229c0c538c5108a5c627a9aad289190752603e22e4e546e3cc2e,ace700407dd7229c0c538c5108a5c627a9aad289190752603e22e4e546e3cc2e,1
2022-04-04,ace700407dd7229c0c538c5108a5c627a9aad289190752603e22e4e546e3cc2e,ace700407dd7229c0c538c5108a5c627a9aad289190752603e22e4e546e3cc2e,1
2022-04-05,330484e7f5f8f090b54a1d538bcd33f302fefc0a4f7a6069a7b43e2bb41410ca,330484e7f5f8f090b54a1d538bcd33f302fefc0a4f7a6069a7b43e2bb41410ca,1
2022-04-06,330484e7f5f8f090b54a1d538bcd33f302fefc0a4f7a6069a7b43e2bb41410ca,330484e7f5f8f090b54a1d538bcd33f302fefc0a4f7a6069a7b43e2bb41410ca,1
2022-04-07,0a6dd2385b052deac8ada1b2b707ad44b3f51c692d57f9414d9dbbc6728724bd,0a6dd2385b052deac8ada1b2b707ad44b3f51c692d57f9414d9dbbc6728724bd,1
2022-04-08,65c24a3e500ae8cb9a731c64a3c0af34b3c82df62d1cf21926a18a43b0f96c23,65c24a3e500ae8cb9a731c64a3c0af34b3c82df62d1cf21926a18a43b0f96c23,1
2022-04-09,65c24a3e500ae8cb9a731c64a3c0af34b3c82df62d1cf21926a18a43b0f96c23,65c24a3e500ae8cb9a731c64a3c0af34b3c82df62d1cf21926a18a43b0f96c23,1
2022-04-10,65c24a3e500ae8cb9a731c64a3c0af34b3c82df62d1cf21926a18a43b0f96c23,65c24a3e500ae8cb9a731c64a3c0af34b3c82df62d1cf21926a18a43b0f96c23,1
2022-04-11,65c24a3e500ae8cb9a731c64a3c0af34b3c82df62d1cf21926a18a43b0f96c23,65c24a3e500ae8cb9a731c64a3c0af34b3c82df62d1cf21926a18a43b0f96c23,1
2022-04-12,f056df3f8756af8b05b27f031ac019c10568c620e6e1f5e6f733aa4c8aab2fc7,f056df3f8756af8b05b27f031ac019c10568c620e6e1f5e6f733aa4c8aab2fc7,1
2022-04-13,4b4a412998cf57ac3ba3ad4e31778b421cac76e89b2c517c573f2dbc0f5c92d3,4b4a412998cf57ac3ba3ad4e31778b421cac76e89b2c517c573f2dbc0f5c92d3,1
2022-04-14,7b47c889a906a0f9728115708646cda1c2a2607c9004bf4c1c3311211323e323,7b47c889a906a0f9728115708646cda1c2a2607c9004bf4c1c3311211323e323,1
2022-04-15,8fda4a279e7728a2ec572218eade0e10626317cb39119b6753d597d591b9d2c4,8fda4a279e7728a2ec572218eade0e10626317cb39119b6753d597d591b9d2c4,1
2022-04-16,8fda4a279e7728a2ec572218eade0e10626317cb39119b6753d597d591b9d2c4,8fda4a279e7728a2ec572218eade0e10626317cb39119b6753d597d591b9d2c4,1
2022-04-17,8fda4a279e7728a2ec572218eade0e10626317cb39119b6753d597d591b9d2c4,8fda4a279e7728a2ec572218eade0e10626317cb39119b6753d597d591b9d2c4,1
2022-04-18,8fda4a279e7728a2ec572218eade0e10626317cb39119b6753d597d591b9d2c4,8fda4a279e7728a2ec572218eade0e10626317cb39119b6753d597d591b9d2c4,1
2022-04-19,8fda4a279e7728a2ec572218eade0e10626317cb39119b6753d597d591b9d2c4,8fda4a279e7728a2ec572218eade0e10626317cb39119b6753d597d591b9d2c4,1
2022-04-20,a956eec6e14a1f1d2ee4a997f416b1feb7617ee4d98bb07dc640c1b69a728dca,a956eec6e14a1f1d2ee4a997f416b1feb7617ee4d98bb07dc640c1b69a728dca,1
2022-04-21,a956eec6e14a1f1d2ee4a997f416b1feb7617ee4d98bb07dc640c1b69a728dca,a956eec6e14a1f1d2ee4a997f416b1feb7617ee4d98bb07dc640c1b69a728dca,1
2022-04-22,a0f4172f5e50c89f0f4eb7ab85c83be382b819039d7116ed8cd9937e6b512d1c,a0f4172f5e50c89f0f4eb7ab85c83be382b819039d7116ed8cd9937e6b512d1c,1
2022-04-23,a0f4172f5e50c89f0f4eb7ab85c83be382b819039d7116ed8cd9937e6b512d1c,a0f4172f5e50c89f0f4eb7ab85c83be382b819039d7116ed8cd9937e6b512d1c,1
2022-04-24,a0f4172f5e50c89f0f4eb7ab85c83be382b819039d7116ed8cd9937e6b512d1c,a0f4172f5e50c89f0f4eb7ab85c83be382b819039d7116ed8cd9937e6b512d1c,1
2022-04-25,a0f4172f5e50c89f0f4eb7ab85c83be382b819039d7116ed8cd9937e6b512d1c,a0f4172f5e50c89f0f4eb7ab85c83be382b819039d7116ed8cd9937e6b512d1c,1
2022-04-26,1145767f101b3b370f02ebb8f0e5d734df8538b0d01f91709b2a5ecd2147bab0,1145767f101b3b370f02ebb8f0e5d734df8538b0d01f91709b2a5ecd2147bab0,1
2022-04-27,1145767f101b3b370f02ebb8f0e5d734df8538b0d01f91709b2a5ecd2147bab0,1145767f101b3b370f02ebb8f0e5d734df8538b0d01f91709b2a5ecd2147bab0,1
2022-04-28,1145767f101b3b370f02ebb8f0e5d734df8538b0d01f91709b2a5ecd2147bab0,1145767f101b3b370f02ebb8f0e5d734df8538b0d01f91709b2a5ecd2147bab0,1
2022-04-29,1145767f101b3b370f02ebb8f0e5d734df8538b0d01f91709b2a5ecd2147bab0,1145767f101b3b370f02ebb8f0e5d734df8538b0d01f91709b2a5ecd2147bab0,1
2022-04-30,1145767f101b3b370f02ebb8f0e5d734df8538b0d01f91709b2a5ecd2147bab0,1145767f101b3b370f02ebb8f0e5d734df8538b0d01f91709b2a5ecd2147bab0,1
2022-05-01,1145767f101b3b370f02ebb8f0e5d734df8538b0d01f91709b2a5ecd2147bab0,1145767f101b3b370f02ebb8f0e5d734df8538b0d01f91709b2a5ecd2147bab0,1
2022-05-02,1145767f101b3b370f02ebb8f0e5d734df8538b0d01f91709b2a5ecd2147bab0,1145767f101b3b370f02ebb8f0e5d734df8538b0d01f91709b2a5ecd2147bab0,1
2022-05-03,1145767f101b3b370f02ebb8f0e5d734df8538b0d01f91709b2a5ecd2147bab0,1145767f101b3b370f02ebb8f0e5d734df8538b0d01f91709b2a5ecd2147bab0,1
2022-05-04,ffcae0432efb3c4ed4d5e47c4bba98317bf021b87f03d6f6b537efd6e5c0f6eb,ffcae0432efb3c4ed4d5e47c4bba98317bf021b87f03d6f6b537efd6e5c0f6eb,1
2022-05-05,ffcae0432efb3c4ed4d5e47c4bba98317bf021b87f03d6f6b537efd6e5c0f6eb,ffcae0432efb3c4ed4d5e47c4bba98317bf021b87f03d6f6b537efd6e5c0f6eb,1
2022-05-06,ffcae0432efb3c4ed4d5e47c4bba98317bf021b87f03d6f6b537efd6e5c0f6eb,ffcae0432efb3c4ed4d5e47c4bba98317bf021b87f03d6f6b537efd6e5c0f6eb,1
2022-05-07,ffcae0432efb3c4ed4d5e47c4bba98317bf021b87f03d6f6b537efd6e5c0f6eb,ffcae0432efb3c4ed4d5e47c4bba98317bf021b87f03d6f6b537efd6e5c0f6eb,1
2022-05-08,ffcae0432efb3c4ed4d5e47c4bba98317bf021b87f03d6f6b537efd6e5c0f6eb,ffcae0432efb3c4ed4d5e47c4bba98317bf021b87f03d6f6b537efd6e5c0f6eb,1
2022-05-09,ffcae0432efb3c4ed4d5e47c4bba98317bf021b87f03d6f6b537efd6e5c0f6eb,ffcae0432efb3c4ed4d5e47c4bba98317bf021b87f03d6f6b537efd6e5c0f6eb,1
2022-05-10,ffcae0432efb3c4ed4d5e47c4bba98317bf021b87f03d6f6b537efd6e5c0f6eb,ffcae0432efb3c4ed4d5e47c4bba98317bf021b87f03d6f6b537efd6e5c0f6eb,1
2022-05-11,0c7b6fa279d93cb9ee9e42dd7fc16a03d0d825294f753689e95a800eadd32a6e,0c7b6fa279d93cb9ee9e42dd7fc16a03d0d825294f753689e95a800eadd32a6e,1
2022-05-12,0c7b6fa279d93cb9ee9e42dd7fc16a03d0d825294f753689e95a800eadd32a6e,0c7b6fa279d93cb9ee9e42dd7fc16a03d0d825294f753689e95a800eadd32a6e,1
2022-05-13,0c7b6fa279d93cb9ee9e42dd7fc16a03d0d825294f753689e95a800eadd32a6e,0c7b6fa279d93cb9ee9e42dd7fc16a03d0d825294f753689e95a800eadd32a6e,1
2022-05-14,f02ccd7617b040bd76747b44662fe6c5b8ca729a994fb5f76e4a13b0b6cae6a2,f02ccd7617b040bd76747b44662fe6c5b8ca729a994fb5f76e4a13b0b6cae6a2,1
2022-05-15,f02ccd7617b040bd76747b44662fe6c5b8ca729a994fb5f76e4a13b0b6cae6a2,f02ccd7617b040bd76747b44662fe6c5b8ca729a994fb5f76e4a13b0b6cae6a2,1
2022-05-16,f02ccd7617b040bd76747b44662fe6c5b8ca729a994fb5f76e4a13b0b6cae6a2,f02ccd7617b040bd76747b44662fe6c5b8ca729a994fb5f76e4a13b0b6cae6a2,1
2022-05-17,7b39acf8525d9201998aead6d91024fc7cd27c0b900a8d6d4c2be906c4001cd3,7b39acf8525d9201998aead6d91024fc7cd27c0b900a8d6d4c2be906c4001cd3,1
2022-05-18,7b39acf8525d9201998aead6d91024fc7cd27c0b900a8d6d4c2be906c4001cd3,7b39acf8525d9201998aead6d91024fc7cd27c0b900a8d6d4c2be906c4001cd3,1
2022-05-19,7b39acf8525d9201998aead6d91024fc7cd27c0b900a8d6d4c2be906c4001cd3,7b39acf8525d9201998aead6d91024fc7cd27c0b900a8d6d4c2be906c4001cd3,1
2022-05-20,7b39acf8525d9201998aead6d91024fc7cd27c0b900a8d6d4c2be906c4001cd3,7b39acf8525d9201998aead6d91024fc7cd27c0b900a8d6d4c2be906c4001cd3,1
2022-05-21,7b39acf8525d9201998aead6d91024fc7cd27c0b900a8d6d4c2be906c4001cd3,7b39acf8525d9201998aead6d91024fc7cd27c0b900a8d6d4c2be906c4001cd3,1
2022-05-22,7b39acf8525d9201998aead6d91024fc7cd27c0b900a8d6d4c2be906c4001cd3,7b39acf8525d9201998aead6d91024fc7cd27c0b900a8d6d4c2be906c4001cd3,1
2022-05-23,a425678f2e4e2726fd25a91dadd2a3ff6bdd4efac6926d1fd3249ebaa90147f9,a425678f2e4e2726fd25a91dadd2a3ff6bdd4efac6926d1fd3249ebaa90147f9,1
2022-05-24,26f5bde9e7f614dd971a8f9c0f268bea3a5713e0a9e62aa8c1cedb6c542d520b,26f5bde9e7f614dd971a8f9c0f268bea3a5713e0a9e62aa8c1cedb6c542d520b,1
2022-05-25,6b040f20edb5a3d8756caa29fe65b7d21cae7552078c7f81b46bc96411d0afb7,6b040f20edb5a3d8756caa29fe65b7d21cae7552078c7f81b46bc96411d0afb7,1
2022-05-26,6b040f20edb5a3d8756caa29fe65b7d21cae7552078c7f81b46bc96411d0afb7,6b040f20edb5a3d8756caa29fe65b7d21cae7552078c7f81b46bc96411d0afb7,1
2022-05-27,6b040f20edb5a3d8756caa29fe65b7d21cae7552078c7f81b46bc96411d0afb7,6b040f20edb5a3d8756caa29fe65b7d21cae7552078c7f81b46bc96411d0afb7,1
2022-05-28,6b040f20edb5a3d8756caa29fe65b7d21cae7552078c7f81b46bc96411d0afb7,6b040f20edb5a3d8756caa29fe65b7d21cae7552078c7f81b46bc96411d0afb7,1
2022-05-29,6b040f20edb5a3d8756caa29fe65b7d21cae7552078c7f81b46bc96411d0afb7,6b040f20edb5a3d8756caa29fe65b7d21cae7552078c7f81b46bc96411d0afb7,1
2022-05-30,6b040f20edb5a3d8756caa29fe65b7d21cae7552078c7f81b46bc96411d0afb7,6b040f20edb5a3d8756caa29fe65b7d21cae7552078c7f81b46bc96411d0afb7,1
2022-05-31,6b040f20edb5a3d8756caa29fe65b7d21cae7552078c7f81b46bc96411d0afb7,6b040f20edb5a3d8756caa29fe65b7d21cae7552078c7f81b46bc96411d0afb7,1
2022-06-01,6b040f20edb5a3d8756caa29fe65b7d21cae7552078c7f81b46bc96411d0afb7,6b040f20edb5a3d8756caa29fe65b7d21cae7552078c7f81b46bc96411d0afb7,1
2022-06-02,6b040f20edb5a3d8756caa29fe65b7d21cae7552078c7f81b46bc96411d0afb7,6b040f20edb5a3d8756caa29fe65b7d21cae7552078c7f81b46bc96411d0afb7,1
2022-06-03,58223937aff6e3c480998d8b63f65b844915381164388395da4ec61843c10645,58223937aff6e3c480998d8b63f65b844915381164388395da4ec61843c10645,1
2022-06-04,a42eeffb08226b0773bdb7ffdd769e96e212538d8562ed22d5e19613421ac671,a42eeffb08226b0773bdb7ffdd769e96e212538d8562ed22d5e19613421ac671,1
2022-06-05,a42eeffb08226b0773bdb7ffdd769e96e212538d8562ed22d5e19613421ac671,a42eeffb08226b0773bdb7ffdd769e96e212538d8562ed22d5e19613421ac671,1
2022-06-06,a42eeffb08226b0773bdb7ffdd769e96e212538d8562ed22d5e19613421ac671,a42eeffb08226b0773bdb7ffdd769e96e212538d8562ed22d5e19613421ac671,1
2022-06-07,a42eeffb08226b0773bdb7ffdd769e96e212538d8562ed22d5e19613421ac671,a42eeffb08226b0773bdb7ffdd769e96e212538d8562ed22d5e19613421ac671,1
2022-06-08,7d725fe6125f80cb9eabd29d3f9746edcfd03015e832c3cf888e4e1b62a64679,7d725fe6125f80cb9eabd29d3f9746edcfd03015e832c3cf888e4e1b62a64679,1
2022-06-09,18a02fe643616eb2ba75241d5449c2299f090df43a3ae451e91f9ac2234eacab,18a02fe643616eb2ba75241d5449c2299f090df43a3ae451e91f9ac2234eacab,1
2022-06-10,18a02fe643616eb2ba75241d5449c2299f090df43a3ae451e91f9ac2234eacab,18a02fe643616eb2ba75241d5449c2299f090df43a3ae451e91f9ac2234eacab,1
2022-06-11,18a02fe643616eb2ba75241d5449c2299f090df43a3ae451e91f9ac2234eacab,18a02fe643616eb2ba75241d5449c2299f090df43a3ae451e91f9ac2234eacab,1
2022-06-12,18a02fe643616eb2ba75241d5449c2299f090df43a3ae451e91f9ac2234eacab,18a02fe643616eb2ba75241d5449c2299f090df43a3ae451e91f9ac2234eacab,1
2022-06-13,18a02fe643616eb2ba75241d5449c2299f090df43a3ae451e91f9ac2234eacab,18a02fe643616eb2ba75241d5449c2299f090df43a3ae451e91f9ac2234eacab,1
2022-06-14,18a02fe643616eb2ba75241d5449c2299f090df43a3ae451e91f9ac2234eacab,18a02fe643616eb2ba75241d5449c2299f090df43a3ae451e91f9ac2234eacab,1
2022-06-15,c9b10e43601ee681426b8ead9fa0dd39d2510759cd8bff69e68918e86f3392ac,c9b10e43601ee681426b8ead9fa0dd39d2510759cd8bff69e68918e86f3392ac,1
2022-06-16,c9b10e43601ee681426b8ead9fa0dd39d2510759cd8bff69e68918e86f3392ac,c9b10e43601ee681426b8ead9fa0dd39d2510759cd8bff69e68918e86f3392ac,1
2022-06-17,c9b10e43601ee681426b8ead9fa0dd39d2510759cd8bff69e68918e86f3392ac,c9b10e43601ee681426b8ead9fa0dd39d2510759cd8bff69e68918e86f3392ac,1
2022-06-18,c9b10e43601ee681426b8ead9fa0dd39d2510759cd8bff69e68918e86f3392ac,c9b10e43601ee681426b8ead9fa0dd39d2510759cd8bff69e68918e86f3392ac,1
2022-06-19,c9b10e43601ee681426b8ead9fa0dd39d2510759cd8bff69e68918e86f3392ac,c9b10e43601ee681426b8ead9fa0dd39d2510759cd8bff69e68918e86f3392ac,1
2022-06-20,c9b10e43601ee681426b8ead9fa0dd39d2510759cd8bff69e68918e86f3392ac,c9b10e43601ee681426b8ead9fa0dd39d2510759cd8bff69e68918e86f3392ac,1
2022-06-21,c9b10e43601ee681426b8ead9fa0dd39d2510759cd8bff69e68918e86f3392ac,c9b10e43601ee681426b8ead9fa0dd39d2510759cd8bff69e68918e86f3392ac,1
2022-06-22,c9b10e43601ee681426b8ead9fa0dd39d2510759cd8bff69e68918e86f3392ac,c9b10e43601ee681426b8ead9fa0dd39d2510759cd8bff69e68918e86f3392ac,1
2022-06-23,c9b10e43601ee681426b8ead9fa0dd39d2510759cd8bff69e68918e86f3392ac,c9b10e43601ee681426b8ead9fa0dd39d2510759cd8bff69e68918e86f3392ac,1
2022-06-24,c9b10e43601ee681426b8ead9fa0dd39d2510759cd8bff69e68918e86f3392ac,c9b10e43601ee681426b8ead9fa0dd39d2510759cd8bff69e68918e86f3392ac,1
2022-06-25,c9b10e43601ee681426b8ead9fa0dd39d2510759cd8bff69e68918e86f3392ac,c9b10e43601ee681426b8ead9fa0dd39d2510759cd8bff69e68918e86f3392ac,1
2022-06-26,c9b10e43601ee681426b8ead9fa0dd39d2510759cd8bff69e68918e86f3392ac,c9b10e43601ee681426b8ead9fa0dd39d2510759cd8bff69e68918e86f3392ac,1
2022-06-27,3c1c220164e5bfb9e43f228bdebf428d44dc6bf02adac35d14ae31223a01f116,3c1c220164e5bfb9e43f228bdebf428d44dc6bf02adac35d14ae31223a01f116,1
2022-06-28,3c1c220164e5bfb9e43f228bdebf428d44dc6bf02adac35d14ae31223a01f116,3c1c220164e5bfb9e43f228bdebf428d44dc6bf02adac35d14ae31223a01f116,1
2022-06-29,3c1c220164e5bfb9e43f228bdebf428d44dc6bf02adac35d14ae31223a01f116,3c1c220164e5bfb9e43f228bdebf428d44dc6bf02adac35d14ae31223a01f116,1
2022-06-30,3c1c220164e5bfb9e43f228bdebf428d44dc6bf02adac35d14ae31223a01f116,3c1c220164e5bfb9e43f228bdebf428d44dc6bf02adac35d14ae31223a01f116,1
2022-07-01,67e81cf93ebe0a3f5c2a9eb070f121b4945a8136df33beef570cc0ce683f5f1b,67e81cf93ebe0a3f5c2a9eb070f121b4945a8136df33beef570cc0ce683f5f1b,1
2022-07-02,67e81cf93ebe0a3f5c2a9eb070f121b4945a8136df33beef570cc0ce683f5f1b,67e81cf93ebe0a3f5c2a9eb070f121b4945a8136df33beef570cc0ce683f5f1b,1
2022-07-03,67e81cf93ebe0a3f5c2a9eb070f121b4945a8136df33beef570cc0ce683f5f1b,67e81cf93ebe0a3f5c2a9eb070f121b4945a8136df33beef570cc0ce683f5f1b,1
2022-07-04,67e81cf93ebe0a3f5c2a9eb070f121b4945a8136df33beef570cc0ce683f5f1b,67e81cf93ebe0a3f5c2a9eb070f121b4945a8136df33beef570cc0ce683f5f1b,1
2022-07-05,67e81cf93ebe0a3f5c2a9eb070f121b4945a8136df33beef570cc0ce683f5f1b,67e81cf93ebe0a3f5c2a9eb070f121b4945a8136df33beef570cc0ce683f5f1b,1
2022-07-06,67e81cf93ebe0a3f5c2a9eb070f121b4945a8136df33beef570cc0ce683f5f1b,67e81cf93ebe0a3f5c2a9eb070f121b4945a8136df33beef570cc0ce683f5f1b,1
2022-07-07,67e81cf93ebe0a3f5c2a9eb070f121b4945a8136df33beef570cc0ce683f5f1b,67e81cf93ebe0a3f5c2a9eb070f121b4945a8136df33beef570cc0ce683f5f1b,1
2022-07-08,67e81cf93ebe0a3f5c2a9eb070f121b4945a8136df33beef570cc0ce683f5f1b,67e81cf93ebe0a3f5c2a9eb070f121b4945a8136df33beef570cc0ce683f5f1b,1
2022-07-09,67e81cf93ebe0a3f5c2a9eb070f121b4945a8136df33beef570cc0ce683f5f1b,67e81cf93ebe0a3f5c2a9eb070f121b4945a8136df33beef570cc0ce683f5f1b,1
2022-07-10,67e81cf93ebe0a3f5c2a9eb070f121b4945a8136df33beef570cc0ce683f5f1b,67e81cf93ebe0a3f5c2a9eb070f121b4945a8136df33beef570cc0ce683f5f1b,1
2022-07-11,67e81cf93ebe0a3f5c2a9eb070f121b4945a8136df33beef570cc0ce683f5f1b,67e81cf93ebe0a3f5c2a9eb070f121b4945a8136df33beef570cc0ce683f5f1b,1
2022-07-12,67e81cf93ebe0a3f5c2a9eb070f121b4945a8136df33beef570cc0ce683f5f1b,67e81cf93ebe0a3f5c2a9eb070f121b4945a8136df33beef570cc0ce683f5f1b,1
2022-07-13,c258951beb102738c95d7445ace2e7a4559d3337472c46b8c72e7eb0d312c1bf,c258951beb102738c95d7445ace2e7a4559d3337472c46b8c72e7eb0d312c1bf,1
2022-07-14,c258951beb102738c95d7445ace2e7a4559d3337472c46b8c72e7eb0d312c1bf,c258951beb102738c95d7445ace2e7a4559d3337472c46b8c72e7eb0d312c1bf,1
2022-07-15,c258951beb102738c95d7445ace2e7a4559d3337472c46b8c72e7eb0d312c1bf,c258951beb102738c95d7445ace2e7a4559d3337472c46b8c72e7eb0d312c1bf,1
2022-07-16,c258951beb102738c95d7445ace2e7a4559d3337472c46b8c72e7eb0d312c1bf,c258951beb102738c95d7445ace2e7a4559d3337472c46b8c72e7eb0d312c1bf,1
2022-07-17,c258951beb102738c95d7445ace2e7a4559d3337472c46b8c72e7eb0d312c1bf,c258951beb102738c95d7445ace2e7a4559d3337472c46b8c72e7eb0d312c1bf,1
2022-07-18,c258951beb102738c95d7445ace2e7a4559d3337472c46b8c72e7eb0d312c1bf,c258951beb102738c95d7445ace2e7a4559d3337472c46b8c72e7eb0d312c1bf,1
2022-07-19,c258951beb102738c95d7445ace2e7a4559d3337472c46b8c72e7eb0d312c1bf,c258951beb102738c95d7445ace2e7a4559d3337472c46b8c72e7eb0d312c1bf,1
2022-07-20,c258951beb102738c95d7445ace2e7a4559d3337472c46b8c72e7eb0d312c1bf,c258951beb102738c95d7445ace2e7a4559d3337472c46b8c72e7eb0d312c1bf,1
2022-07-21,c258951beb102738c95d7445ace2e7a4559d3337472c46b8c72e7eb0d312c1bf,c258951beb102738c95d7445ace2e7a4559d3337472c46b8c72e7eb0d312c1bf,1
2022-07-22,c258951beb102738c95d7445ace2e7a4559d3337472c46b8c72e7eb0d312c1bf,c258951beb102738c95d7445ace2e7a4559d3337472c46b8c72e7eb0d312c1bf,1
2022-07-23,c258951beb102738c95d7445ace2e7a4559d3337472c46b8c72e7eb0d312c1bf,c258951beb102738c95d7445ace2e7a4559d3337472c46b8c72e7eb0d312c1bf,1
2022-07-24,c258951beb102738c95d7445ace2e7a4559d3337472c46b8c72e7eb0d312c1bf,c258951beb102738c95d7445ace2e7a4559d3337472c46b8c72e7eb0d312c1bf,1
2022-07-25,c258951beb102738c95d7445ace2e7a4559d3337472c46b8c72e7eb0d312c1bf,c258951beb102738c95d7445ace2e7a4559d3337472c46b8c72e7eb0d312c1bf,1
2022-07-26,c258951beb102738c95d7445ace2e7a4559d3337472c46b8c72e7eb0d312c1bf,c258951beb102738c95d7445ace2e7a4559d3337472c46b8c72e7eb0d312c1bf,1
2022-07-27,c258951beb102738c95d7445ace2e7a4559d3337472c46b8c72e7eb0d312c1bf,c258951beb102738c95d7445ace2e7a4559d3337472c46b8c72e7eb0d312c1bf,1
2022-07-28,c258951beb102738c95d7445ace2e7a4559d3337472c46b8c72e7eb0d312c1bf,c258951beb102738c95d7445ace2e7a4559d3337472c46b8c72e7eb0d312c1bf,1
2022-07-29,9c4555073098fc2f99f3aa58dfcc294b142ae40c2e02e31da3d44e9e057fdac3,9c4555073098fc2f99f3aa58dfcc294b142ae40c2e02e31da3d44e9e057fdac3,1
2022-07-30,9c4555073098fc2f99f3aa58dfcc294b142ae40c2e02e31da3d44e9e057fdac3,9c4555073098fc2f99f3aa58dfcc294b142ae40c2e02e31da3d44e9e057fdac3,1
2022-07-31,9c4555073098fc2f99f3aa58dfcc294b142ae40c2e02e31da3d44e9e057fdac3,9c4555073098fc2f99f3aa58dfcc294b142ae40c2e02e31da3d44e9e057fdac3,1
2022-08-01,9c4555073098fc2f99f3aa58dfcc294b142ae40c2e02e31da3d44e9e057fdac3,9c4555073098fc2f99f3aa58dfcc294b142ae40c2e02e31da3d44e9e057fdac3,1
2022-08-02,9c4555073098fc2f99f3aa58dfcc294b142ae40c2e02e31da3d44e9e057fdac3,9c4555073098fc2f99f3aa58dfcc294b142ae40c2e02e31da3d44e9e057fdac3,1
2022-08-03,9c4555073098fc2f99f3aa58dfcc294b142ae40c2e02e31da3d44e9e057fdac3,9c4555073098fc2f99f3aa58dfcc294b142ae40c2e02e31da3d44e9e057fdac3,1
2022-08-04,9c4555073098fc2f99f3aa58dfcc294b142ae40c2e02e31da3d44e9e057fdac3,9c4555073098fc2f99f3aa58dfcc294b142ae40c2e02e31da3d44e9e057fdac3,1
2022-08-05,c6e60a9cf2f46dfff8b0d0bb13229d4ca69c919f74e68435a567d60b443d58ec,c6e60a9cf2f46dfff8b0d0bb13229d4ca69c919f74e68435a567d60b443d58ec,1
2022-08-06,c6e60a9cf2f46dfff8b0d0bb13229d4ca69c919f74e68435a567d60b443d58ec,c6e60a9cf2f46dfff8b0d0bb13229d4ca69c919f74e68435a567d60b443d58ec,1
2022-08-07,c6e60a9cf2f46dfff8b0d0bb13229d4ca69c919f74e68435a567d60b443d58ec,c6e60a9cf2f46dfff8b0d0bb13229d4ca69c919f74e68435a567d60b443d58ec,1
2022-08-08,c6e60a9cf2f46dfff8b0d0bb13229d4ca69c919f74e68435a567d60b443d58ec,c6e60a9cf2f46dfff8b0d0bb13229d4ca69c919f74e68435a567d60b443d58ec,1
2022-08-09,a47e3b77196c5f3e39249583a892c1e6ca5019d29e25e89146a74bf9e205edfe,a47e3b77196c5f3e39249583a892c1e6ca5019d29e25e89146a74bf9e205edfe,1
2022-08-10,a47e3b77196c5f3e39249583a892c1e6ca5019d29e25e89146a74bf9e205edfe,a47e3b77196c5f3e39249583a892c1e6ca5019d29e25e89146a74bf9e205edfe,1
2022-08-11,c218798a34666baa31a6835444ef64ebc47cb0d9bb1f60370542fb8e2363c9c0,c218798a34666baa31a6835444ef64ebc47cb0d9bb1f60370542fb8e2363c9c0,1
2022-08-12,c218798a34666baa31a6835444ef64ebc47cb0d9bb1f60370542fb8e2363c9c0,c218798a34666baa31a6835444ef64ebc47cb0d9bb1f60370542fb8e2363c9c0,1
2022-08-13,c218798a34666baa31a6835444ef64ebc47cb0d9bb1f60370542fb8e2363c9c0,c218798a34666baa31a6835444ef64ebc47cb0d9bb1f60370542fb8e2363c9c0,1
2022-08-14,c218798a34666baa31a6835444ef64ebc47cb0d9bb1f60370542fb8e2363c9c0,c218798a34666baa31a6835444ef64ebc47cb0d9bb1f60370542fb8e2363c9c0,1
2022-08-15,c218798a34666baa31a6835444ef64ebc47cb0d9bb1f60370542fb8e2363c9c0,c218798a34666baa31a6835444ef64ebc47cb0d9bb1f60370542fb8e2363c9c0,1
2022-08-16,c218798a34666baa31a6835444ef64ebc47cb0d9bb1f60370542fb8e2363c9c0,c218798a34666baa31a6835444ef64ebc47cb0d9bb1f60370542fb8e2363c9c0,1
2022-08-17,c218798a34666baa31a6835444ef64ebc47cb0d9bb1f60370542fb8e2363c9c0,c218798a34666baa31a6835444ef64ebc47cb0d9bb1f60370542fb8e2363c9c0,1
2022-08-18,c218798a34666baa31a6835444ef64ebc47cb0d9bb1f60370542fb8e2363c9c0,c218798a34666baa31a6835444ef64ebc47cb0d9bb1f60370542fb8e2363c9c0,1
2022-08-19,6367aa93eee9aabae71858c860266a7a9012e5d6f2e196b82cc54545700d0b71,6367aa93eee9aabae71858c860266a7a9012e5d6f2e196b82cc54545700d0b71,1
2022-08-20,6367aa93eee9aabae71858c860266a7a9012e5d6f2e196b82cc54545700d0b71,6367aa93eee9aabae71858c860266a7a9012e5d6f2e196b82cc54545700d0b71,1
2022-08-21,6367aa93eee9aabae71858c860266a7a9012e5d6f2e196b82cc54545700d0b71,6367aa93eee9aabae71858c860266a7a9012e5d6f2e196b82cc54545700d0b71,1
2022-08-22,7dacaa315a6c0ecde532bfdc5b21140f47efd4fc301e0f36f1883a9a027f37b2,7dacaa315a6c0ecde532bfdc5b21140f47efd4fc301e0f36f1883a9a027f37b2,1
2022-08-23,7dacaa315a6c0ecde532bfdc5b21140f47efd4fc301e0f36f1883a9a027f37b2,7dacaa315a6c0ecde532bfdc5b21140f47efd4fc301e0f36f1883a9a027f37b2,1
2022-08-24,7dacaa315a6c0ecde532bfdc5b21140f47efd4fc301e0f36f1883a9a027f37b2,7dacaa315a6c0ecde532bfdc5b21140f47efd4fc301e0f36f1883a9a027f37b2,1
2022-08-25,779481cc389fb8c1f65f4b74b90bef5363698399b038c8029f21f4d4e1dbda12,779481cc389fb8c1f65f4b74b90bef5363698399b038c8029f21f4d4e1dbda12,1
2022-08-26,779481cc389fb8c1f65f4b74b90bef5363698399b038c8029f21f4d4e1dbda12,779481cc389fb8c1f65f4b74b90bef5363698399b038c8029f21f4d4e1dbda12,1
2022-08-27,779481cc389fb8c1f65f4b74b90bef5363698399b038c8029f21f4d4e1dbda12,779481cc389fb8c1f65f4b74b90bef5363698399b038c8029f21f4d4e1dbda12,1
2022-08-28,779481cc389fb8c1f65f4b74b90bef5363698399b038c8029f21f4d4e1dbda12,779481cc389fb8c1f65f4b74b90bef5363698399b038c8029f21f4d4e1dbda12,1
2022-08-29,779481cc389fb8c1f65f4b74b90bef5363698399b038c8029f21f4d4e1dbda12,779481cc389fb8c1f65f4b74b90bef5363698399b038c8029f21f4d4e1dbda12,1
2022-08-30,779481cc389fb8c1f65f4b74b90bef5363698399b038c8029f21f4d4e1dbda12,779481cc389fb8c1f65f4b74b90bef5363698399b038c8029f21f4d4e1dbda12,1
2022-08-31,779481cc389fb8c1f65f4b74b90bef5363698399b038c8029f21f4d4e1dbda12,779481cc389fb8c1f65f4b74b90bef5363698399b038c8029f21f4d4e1dbda12,1
2022-09-01,779481cc389fb8c1f65f4b74b90bef5363698399b038c8029f21f4d4e1dbda12,779481cc389fb8c1f65f4b74b90bef5363698399b038c8029f21f4d4e1dbda12,1
2022-09-02,779481cc389fb8c1f65f4b74b90bef5363698399b038c8029f21f4d4e1dbda12,779481cc389fb8c1f65f4b74b90bef5363698399b038c8029f21f4d4e1dbda12,1
2022-09-03,779481cc389fb8c1f65f4b74b90bef5363698399b038c8029f21f4d4e1dbda12,779481cc389fb8c1f65f4b74b90bef5363698399b038c8029f21f4d4e1dbda12,1
2022-09-04,779481cc389fb8c1f65f4b74b90bef5363698399b038c8029f21f4d4e1dbda12,779481cc389fb8c1f65f4b74b90bef5363698399b038c8029f21f4d4e1dbda12,1
2022-09-05,779481cc389fb8c1f65f4b74b90bef5363698399b038c8029f21f4d4e1dbda12,779481cc389fb8c1f65f4b74b90bef5363698399b038c8029f21f4d4e1dbda12,1
2022-09-06,779481cc389fb8c1f65f4b74b90bef5363698399b038c8029f21f4d4e1dbda12,779481cc389fb8c1f65f4b74b90bef5363698399b038c8029f21f4d4e1dbda12,1
2022-09-07,779481cc389fb8c1f65f4b74b90bef5363698399b038c8029f21f4d4e1dbda12,779481cc389fb8c1f65f4b74b90bef5363698399b038c8029f21f4d4e1dbda12,1
2022-09-08,cff856dff669eb46f738c362030cada60433dd61e3f430d8a9582a4587d4a2bc,cff856dff669eb46f738c362030cada60433dd61e3f430d8a9582a4587d4a2bc,1
2022-09-09,cff856dff669eb46f738c362030cada60433dd61e3f430d8a9582a4587d4a2bc,cff856dff669eb46f738c362030cada60433dd61e3f430d8a9582a4587d4a2bc,1
2022-09-10,cff856dff669eb46f738c362030cada60433dd61e3f430d8a9582a4587d4a2bc,cff856dff669eb46f738c362030cada60433dd61e3f430d8a9582a4587d4a2bc,1
2022-09-11,cff856dff669eb46f738c362030cada60433dd61e3f430d8a9582a4587d4a2bc,cff856dff669eb46f738c362030cada60433dd61e3f430d8a9582a4587d4a2bc,1
2022-09-12,cff856dff669eb46f738c362030cada60433dd61e3f430d8a9582a4587d4a2bc,cff856dff669eb46f738c362030cada60433dd61e3f430d8a9582a4587d4a2bc,1
2022-09-13,cff856dff669eb46f738c362030cada60433dd61e3f430d8a9582a4587d4a2bc,cff856dff669eb46f738c362030cada60433dd61e3f430d8a9582a4587d4a2bc,1
2022-09-14,fd733a88f0098a43d8d01f124333fdea2270bca74e461b9b8ec761da24acf844,fd733a88f0098a43d8d01f124333fdea2270bca74e461b9b8ec761da24acf844,1
2022-09-15,fd733a88f0098a43d8d01f124333fdea2270bca74e461b9b8ec761da24acf844,fd733a88f0098a43d8d01f124333fdea2270bca74e461b9b8ec761da24acf844,1
2022-09-16,6db47e86636399febf7cd6d4a4dfe8c32f9ac4115092b7c69ba4a06c49afa8b6,6db47e86636399febf7cd6d4a4dfe8c32f9ac4115092b7c69ba4a06c49afa8b6,1
2022-09-17,6db47e86636399febf7cd6d4a4dfe8c32f9ac4115092b7c69ba4a06c49afa8b6,6db47e86636399febf7cd6d4a4dfe8c32f9ac4115092b7c69ba4a06c49afa8b6,1
2022-09-18,6db47e86636399febf7cd6d4a4dfe8c32f9ac4115092b7c69ba4a06c49afa8b6,6db47e86636399febf7cd6d4a4dfe8c32f9ac4115092b7c69ba4a06c49afa8b6,1
2022-09-19,6db47e86636399febf7cd6d4a4dfe8c32f9ac4115092b7c69ba4a06c49afa8b6,6db47e86636399febf7cd6d4a4dfe8c32f9ac4115092b7c69ba4a06c49afa8b6,1
2022-09-20,6db47e86636399febf7cd6d4a4dfe8c32f9ac4115092b7c69ba4a06c49afa8b6,6db47e86636399febf7cd6d4a4dfe8c32f9ac4115092b7c69ba4a06c49afa8b6,1
2022-09-21,6db47e86636399febf7cd6d4a4dfe8c32f9ac4115092b7c69ba4a06c49afa8b6,6db47e86636399febf7cd6d4a4dfe8c32f9ac4115092b7c69ba4a06c49afa8b6,1
2022-09-22,6db47e86636399febf7cd6d4a4dfe8c32f9ac4115092b7c69ba4a06c49afa8b6,6db47e86636399febf7cd6d4a4dfe8c32f9ac4115092b7c69ba4a06c49afa8b6,1
2022-09-23,12f20222536cb98684d38e31417a0fa06b4989fb33647352cd2c88f5427cafa1,12f20222536cb98684d38e31417a0fa06b4989fb33647352cd2c88f5427cafa1,1
2022-09-24,28a057f961821bec020b6131f185a90482ecf6b6d293e79db50de11ed18c6e5f,28a057f961821bec020b6131f185a90482ecf6b6d293e79db50de11ed18c6e5f,1
2022-09-25,28a057f961821bec020b6131f185a90482ecf6b6d293e79db50de11ed18c6e5f,28a057f961821bec020b6131f185a90482ecf6b6d293e79db50de11ed18c6e5f,1
2022-09-26,28a057f961821bec020b6131f185a90482ecf6b6d293e79db50de11ed18c6e5f,28a057f961821bec020b6131f185a90482ecf6b6d293e79db50de11ed18c6e5f,1
2022-09-27,28a057f961821bec020b6131f185a90482ecf6b6d293e79db50de11ed18c6e5f,28a057f961821bec020b6131f185a90482ecf6b6d293e79db50de11ed18c6e5f,1
2022-09-28,28a057f961821bec020b6131f185a90482ecf6b6d293e79db50de11ed18c6e5f,28a057f961821bec020b6131f185a90482ecf6b6d293e79db50de11ed18c6e5f,1
2022-09-29,28a057f961821bec020b6131f185a90482ecf6b6d293e79db50de11ed18c6e5f,28a057f961821bec020b6131f185a90482ecf6b6d293e79db50de11ed18c6e5f,1
2022-09-30,783b5766d4c0183c81441790b2a6dba4821c25f780c2f8096826bf93268da7d4,783b5766d4c0183c81441790b2a6dba4821c25f780c2f8096826bf93268da7d4,1
2022-10-01,783b5766d4c0183c81441790b2a6dba4821c25f780c2f8096826bf93268da7d4,783b5766d4c0183c81441790b2a6dba4821c25f780c2f8096826bf93268da7d4,1
2022-10-02,783b5766d4c0183c81441790b2a6dba4821c25f780c2f8096826bf93268da7d4,783b5766d4c0183c81441790b2a6dba4821c25f780c2f8096826bf93268da7d4,1
2022-10-03,783b5766d4c0183c81441790b2a6dba4821c25f780c2f8096826bf93268da7d4,783b5766d4c0183c81441790b2a6dba4821c25f780c2f8096826bf93268da7d4,1
2022-10-04,783b5766d4c0183c81441790b2a6dba4821c25f780c2f8096826bf93268da7d4,783b5766d4c0183c81441790b2a6dba4821c25f780c2f8096826bf93268da7d4,1
2022-10-05,783b5766d4c0183c81441790b2a6dba4821c25f780c2f8096826bf93268da7d4,783b5766d4c0183c81441790b2a6dba4821c25f780c2f8096826bf93268da7d4,1
2022-10-06,783b5766d4c0183c81441790b2a6dba4821c25f780c2f8096826bf93268da7d4,783b5766d4c0183c81441790b2a6dba4821c25f780c2f8096826bf93268da7d4,1
2022-10-07,783b5766d4c0183c81441790b2a6dba4821c25f780c2f8096826bf93268da7d4,783b5766d4c0183c81441790b2a6dba4821c25f780c2f8096826bf93268da7d4,1
2022-10-08,783b5766d4c0183c81441790b2a6dba4821c25f780c2f8096826bf93268da7d4,783b5766d4c0183c81441790b2a6dba4821c25f780c2f8096826bf93268da7d4,1
2022-10-09,783b5766d4c0183c81441790b2a6dba4821c25f780c2f8096826bf93268da7d4,783b5766d4c0183c81441790b2a6dba4821c25f780c2f8096826bf93268da7d4,1
2022-10-10,783b5766d4c0183c81441790b2a6dba4821c25f780c2f8096826bf93268da7d4,783b5766d4c0183c81441790b2a6dba4821c25f780c2f8096826bf93268da7d4,1
2022-10-11,4170b8c367178f2fedbb80eaeb28d4ab35bcb4e03105a6136a5ed5dc916fcced,4170b8c367178f2fedbb80eaeb28d4ab35bcb4e03105a6136a5ed5dc916fcced,1
2022-10-12,3e2961d07d0b2047dc399d012a6897c4014447121e01ee55f593d4a131dc084d,3e2961d07d0b2047dc399d012a6897c4014447121e01ee55f593d4a131dc084d,1
2022-10-13,3e2961d07d0b2047dc399d012a6897c4014447121e01ee55f593d4a131dc084d,3e2961d07d0b2047dc399d012a6897c4014447121e01ee55f593d4a131dc084d,1
2022-10-14,3e2961d07d0b2047dc399d012a6897c4014447121e01ee55f593d4a131dc084d,3e2961d07d0b2047dc399d012a6897c4014447121e01ee55f593d4a131dc084d,1
2022-10-15,3e2961d07d0b2047dc399d012a6897c4014447121e01ee55f593d4a131dc084d,3e2961d07d0b2047dc399d012a6897c4014447121e01ee55f593d4a131dc084d,1
2022-10-16,3e2961d07d0b2047dc399d012a6897c4014447121e01ee55f593d4a131dc084d,3e2961d07d0b2047dc399d012a6897c4014447121e01ee55f593d4a131dc084d,1
2022-10-17,3e2961d07d0b2047dc399d012a6897c4014447121e01ee55f593d4a131dc084d,3e2961d07d0b2047dc399d012a6897c4014447121e01ee55f593d4a131dc084d,1
2022-10-18,3e2961d07d0b2047dc399d012a6897c4014447121e01ee55f593d4a131dc084d,3e2961d07d0b2047dc399d012a6897c4014447121e01ee55f593d4a131dc084d,1
2022-10-19,3e2961d07d0b2047dc399d012a6897c4014447121e01ee55f593d4a131dc084d,3e2961d07d0b2047dc399d012a6897c4014447121e01ee55f593d4a131dc084d,1
2022-10-20,d121260b72ea8c1762feaa220cd655b34c7d864d8912ed126bc70661bf62ff83,d121260b72ea8c1762feaa220cd655b34c7d864d8912ed126bc70661bf62ff83,1
2022-10-21,d121260b72ea8c1762feaa220cd655b34c7d864d8912ed126bc70661bf62ff83,d121260b72ea8c1762feaa220cd655b34c7d864d8912ed126bc70661bf62ff83,1
2022-10-22,d121260b72ea8c1762feaa220cd655b34c7d864d8912ed126bc70661bf62ff83,d121260b72ea8c1762feaa220cd655b34c7d864d8912ed126bc70661bf62ff83,1
2022-10-23,d121260b72ea8c1762feaa220cd655b34c7d864d8912ed126bc70661bf62ff83,d121260b72ea8c1762feaa220cd655b34c7d864d8912ed126bc70661bf62ff83,1
2022-10-24,852146734489b09d05cda686175ee8a628663cf2cd2de934621a0ddb51a01470,852146734489b09d05cda686175ee8a628663cf2cd2de934621a0ddb51a01470,1
2022-10-25,5eb9c9fb7533ccb65c22ac7420252f95932156d419a3e6bdd36b3b36d03c7ab0,5eb9c9fb7533ccb65c22ac7420252f95932156d419a3e6bdd36b3b36d03c7ab0,1
2022-10-26,5eb9c9fb7533ccb65c22ac7420252f95932156d419a3e6bdd36b3b36d03c7ab0,5eb9c9fb7533ccb65c22ac7420252f95932156d419a3e6bdd36b3b36d03c7ab0,1
2022-10-27,5eb9c9fb7533ccb65c22ac7420252f95932156d419a3e6bdd36b3b36d03c7ab0,5eb9c9fb7533ccb65c22ac7420252f95932156d419a3e6bdd36b3b36d03c7ab0,1
2022-10-28,5eb9c9fb7533ccb65c22ac7420252f95932156d419a3e6bdd36b3b36d03c7ab0,5eb9c9fb7533ccb65c22ac7420252f95932156d419a3e6bdd36b3b36d03c7ab0,1
2022-10-29,252a88da35dd910cf13607e8bf1cc82ce80b631d32429aac01b642c0a9468842,252a88da35dd910cf13607e8bf1cc82ce80b631d32429aac01b642c0a9468842,1
2022-10-30,252a88da35dd910cf13607e8bf1cc82ce80b631d32429aac01b642c0a9468842,252a88da35dd910cf13607e8bf1cc82ce80b631d32429aac01b642c0a9468842,1
2022-10-31,252a88da35dd910cf13607e8bf1cc82ce80b631d32429aac01b642c0a9468842,252a88da35dd910cf13607e8bf1cc82ce80b631d32429aac01b642c0a9468842,1
2022-11-01,252a88da35dd910cf13607e8bf1cc82ce80b631d32429aac01b642c0a9468842,252a88da35dd910cf13607e8bf1cc82ce80b631d32429aac01b642c0a9468842,1
2022-11-02,252a88da35dd910cf13607e8bf1cc82ce80b631d32429aac01b642c0a9468842,252a88da35dd910cf13607e8bf1cc82ce80b631d32429aac01b642c0a9468842,1
2022-11-03,252a88da35dd910cf13607e8bf1cc82ce80b631d32429aac01b642c0a9468842,252a88da35dd910cf13607e8bf1cc82ce80b631d32429aac01b642c0a9468842,1
2022-11-04,252a88da35dd910cf13607e8bf1cc82ce80b631d32429aac01b642c0a9468842,252a88da35dd910cf13607e8bf1cc82ce80b631d32429aac01b642c0a9468842,1
2022-11-05,252a88da35dd910cf13607e8bf1cc82ce80b631d32429aac01b642c0a9468842,252a88da35dd910cf13607e8bf1cc82ce80b631d32429aac01b642c0a9468842,1
2022-11-06,252a88da35dd910cf13607e8bf1cc82ce80b631d32429aac01b642c0a9468842,252a88da35dd910cf13607e8bf1cc82ce80b631d32429aac01b642c0a9468842,1
2022-11-07,252a88da35dd910cf13607e8bf1cc82ce80b631d32429aac01b642c0a9468842,252a88da35dd910cf13607e8bf1cc82ce80b631d32429aac01b642c0a9468842,1
2022-11-08,252a88da35dd910cf13607e8bf1cc82ce80b631d32429aac01b642c0a9468842,252a88da35dd910cf13607e8bf1cc82ce80b631d32429aac01b642c0a9468842,1
2022-11-09,a07d5cb9b14d62d4f6db8b2c7322c825277d164ff58d7230a41e8c4dcf9ca46e,a07d5cb9b14d62d4f6db8b2c7322c825277d164ff58d7230a41e8c4dcf9ca46e,1
2022-11-10,a07d5cb9b14d62d4f6db8b2c7322c825277d164ff58d7230a41e8c4dcf9ca46e,a07d5cb9b14d62d4f6db8b2c7322c825277d164ff58d7230a41e8c4dcf9ca46e,1
2022-11-11,a07d5cb9b14d62d4f6db8b2c7322c825277d164ff58d7230a41e8c4dcf9ca46e,a07d5cb9b14d62d4f6db8b2c7322c825277d164ff58d7230a41e8c4dcf9ca46e,1
2022-11-12,a07d5cb9b14d62d4f6db8b2c7322c825277d164ff58d7230a41e8c4dcf9ca46e,a07d5cb9b14d62d4f6db8b2c7322c825277d164ff58d7230a41e8c4dcf9ca46e,1
2022-11-13,a07d5cb9b14d62d4f6db8b2c7322c825277d164ff58d7230a41e8c4dcf9ca46e,a07d5cb9b14d62d4f6db8b2c7322c825277d164ff58d7230a41e8c4dcf9ca46e,1
2022-11-14,a07d5cb9b14d62d4f6db8b2c7322c825277d164ff58d7230a41e8c4dcf9ca46e,a07d5cb9b14d62d4f6db8b2c7322c825277d164ff58d7230a41e8c4dcf9ca46e,1
2022-11-15,e5041f8399c6fee64b8ec544a85ec1dbf7c41435ecd1ba6f25022a35b5d9bad3,e5041f8399c6fee64b8ec544a85ec1dbf7c41435ecd1ba6f25022a35b5d9bad3,1
2022-11-16,e5041f8399c6fee64b8ec544a85ec1dbf7c41435ecd1ba6f25022a35b5d9bad3,e5041f8399c6fee64b8ec544a85ec1dbf7c41435ecd1ba6f25022a35b5d9bad3,1
2022-11-17,e5041f8399c6fee64b8ec544a85ec1dbf7c41435ecd1ba6f25022a35b5d9bad3,e5041f8399c6fee64b8ec544a85ec1dbf7c41435ecd1ba6f25022a35b5d9bad3,1
2022-11-18,e5041f8399c6fee64b8ec544a85ec1dbf7c41435ecd1ba6f25022a35b5d9bad3,e5041f8399c6fee64b8ec544a85ec1dbf7c41435ecd1ba6f25022a35b5d9bad3,1
2022-11-19,491e72ad791b1dacdab8af6628149eacbe8dde5042215dca5e17baf3d5c089bb,491e72ad791b1dacdab8af6628149eacbe8dde5042215dca5e17baf3d5c089bb,1
2022-11-20,491e72ad791b1dacdab8af6628149eacbe8dde5042215dca5e17baf3d5c089bb,491e72ad791b1dacdab8af6628149eacbe8dde5042215dca5e17baf3d5c089bb,1
2022-11-21,491e72ad791b1dacdab8af6628149eacbe8dde5042215dca5e17baf3d5c089bb,491e72ad791b1dacdab8af6628149eacbe8dde5042215dca5e17baf3d5c089bb,1
2022-11-22,491e72ad791b1dacdab8af6628149eacbe8dde5042215dca5e17baf3d5c089bb,491e72ad791b1dacdab8af6628149eacbe8dde5042215dca5e17baf3d5c089bb,1
2022-11-23,491e72ad791b1dacdab8af6628149eacbe8dde5042215dca5e17baf3d5c089bb,491e72ad791b1dacdab8af6628149eacbe8dde5042215dca5e17baf3d5c089bb,1
2022-11-24,491e72ad791b1dacdab8af6628149eacbe8dde5042215dca5e17baf3d5c089bb,491e72ad791b1dacdab8af6628149eacbe8dde5042215dca5e17baf3d5c089bb,1
2022-11-25,491e72ad791b1dacdab8af6628149eacbe8dde5042215dca5e17baf3d5c089bb,491e72ad791b1dacdab8af6628149eacbe8dde5042215dca5e17baf3d5c089bb,1
2022-11-26,491e72ad791b1dacdab8af6628149eacbe8dde5042215dca5e17baf3d5c089bb,491e72ad791b1dacdab8af6628149eacbe8dde5042215dca5e17baf3d5c089bb,1
2022-11-27,491e72ad791b1dacdab8af6628149eacbe8dde5042215dca5e17baf3d5c089bb,491e72ad791b1dacdab8af6628149eacbe8dde5042215dca5e17baf3d5c089bb,1
2022-11-28,491e72ad791b1dacdab8af6628149eacbe8dde5042215dca5e17baf3d5c089bb,491e72ad791b1dacdab8af6628149eacbe8dde5042215dca5e17baf3d5c089bb,1
2022-11-29,f7b731b0fa45bc0ead49ba3750d976724094dcc204ccc6f9bfa4f16daf777e8c,f7b731b0fa45bc0ead49ba3750d976724094dcc204ccc6f9bfa4f16daf777e8c,1
2022-11-30,ea2a720441bbaf8a4e1d339d652fa3aeb0b5144c6fb03dafef1eb2d7c74b78da,ea2a720441bbaf8a4e1d339d652fa3aeb0b5144c6fb03dafef1eb2d7c74b78da,1
2022-12-01,ea2a720441bbaf8a4e1d339d652fa3aeb0b5144c6fb03dafef1eb2d7c74b78da,ea2a720441bbaf8a4e1d339d652fa3aeb0b5144c6fb03dafef1eb2d7c74b78da,1
2022-12-02,ea2a720441bbaf8a4e1d339d652fa3aeb0b5144c6fb03dafef1eb2d7c74b78da,ea2a720441bbaf8a4e1d339d652fa3aeb0b5144c6fb03dafef1eb2d7c74b78da,1
2022-12-03,ea2a720441bbaf8a4e1d339d652fa3aeb0b5144c6fb03dafef1eb2d7c74b78da,ea2a720441bbaf8a4e1d339d652fa3aeb0b5144c6fb03dafef1eb2d7c74b78da,1
2022-12-04,ea2a720441bbaf8a4e1d339d652fa3aeb0b5144c6fb03dafef1eb2d7c74b78da,ea2a720441bbaf8a4e1d339d652fa3aeb0b5144c6fb03dafef1eb2d7c74b78da,1
2022-12-05,ea2a720441bbaf8a4e1d339d652fa3aeb0b5144c6fb03dafef1eb2d7c74b78da,ea2a720441bbaf8a4e1d339d652fa3aeb0b5144c6fb03dafef1eb2d7c74b78da,1
2022-12-06,d53aa7f7946452281294d1013c2cd14ae35398d1df0e627ab28c437d56d6d71d,d53aa7f7946452281294d1013c2cd14ae35398d1df0e627ab28c437d56d6d71d,1
2022-12-07,d53aa7f7946452281294d1013c2cd14ae35398d1df0e627ab28c437d56d6d71d,d53aa7f7946452281294d1013c2cd14ae35398d1df0e627ab28c437d56d6d71d,1
2022-12-08,d53aa7f7946452281294d1013c2cd14ae35398d1df0e627ab28c437d56d6d71d,d53aa7f7946452281294d1013c2cd14ae35398d1df0e627ab28c437d56d6d71d,1
2022-12-09,d53aa7f7946452281294d1013c2cd14ae35398d1df0e627ab28c437d56d6d71d,d53aa7f7946452281294d1013c2cd14ae35398d1df0e627ab28c437d56d6d71d,1
2022-12-10,d53aa7f7946452281294d1013c2cd14ae35398d1df0e627ab28c437d56d6d71d,d53aa7f7946452281294d1013c2cd14ae35398d1df0e627ab28c437d56d6d71d,1
2022-12-11,d53aa7f7946452281294d1013c2cd14ae35398d1df0e627ab28c437d56d6d71d,d53aa7f7946452281294d1013c2cd14ae35398d1df0e627ab28c437d56d6d71d,1
2022-12-12,d53aa7f7946452281294d1013c2cd14ae35398d1df0e627ab28c437d56d6d71d,d53aa7f7946452281294d1013c2cd14ae35398d1df0e627ab28c437d56d6d71d,1
2022-12-13,d53aa7f7946452281294d1013c2cd14ae35398d1df0e627ab28c437d56d6d71d,d53aa7f7946452281294d1013c2cd14ae35398d1df0e627ab28c437d56d6d71d,1
2022-12-14,c1b41e267047a12ec8786d0d1a31ddff9ad3cf64c6bf26fb684263679b9b2a52,c1b41e267047a12ec8786d0d1a31ddff9ad3cf64c6bf26fb684263679b9b2a52,1
2022-12-15,bbc122f8324fd89ccc50e7f604be305c477e1b861e805818b7a664a60ce34a9c,bbc122f8324fd89ccc50e7f604be305c477e1b861e805818b7a664a60ce34a9c,1
2022-12-16,bbc122f8324fd89ccc50e7f604be305c477e1b861e805818b7a664a60ce34a9c,bbc122f8324fd89ccc50e7f604be305c477e1b861e805818b7a664a60ce34a9c,1
2022-12-17,bbc122f8324fd89ccc50e7f604be305c477e1b861e805818b7a664a60ce34a9c,bbc122f8324fd89ccc50e7f604be305c477e1b861e805818b7a664a60ce34a9c,1
2022-12-18,bbc122f8324fd89ccc50e7f604be305c477e1b861e805818b7a664a60ce34a9c,bbc122f8324fd89ccc50e7f604be305c477e1b861e805818b7a664a60ce34a9c,1
2022-12-19,bbc122f8324fd89ccc50e7f604be305c477e1b861e805818b7a664a60ce34a9c,bbc122f8324fd89ccc50e7f604be305c477e1b861e805818b7a664a60ce34a9c,1
2022-12-20,bbc122f8324fd89ccc50e7f604be305c477e1b861e805818b7a664a60ce34a9c,bbc122f8324fd89ccc50e7f604be305c477e1b861e805818b7a664a60ce34a9c,1
2022-12-21,bbc122f8324fd89ccc50e7f604be305c477e1b861e805818b7a664a60ce34a9c,bbc122f8324fd89ccc50e7f604be305c477e1b861e805818b7a664a60ce34a9c,1
2022-12-22,bbc122f8324fd89ccc50e7f604be305c477e1b861e805818b7a664a60ce34a9c,bbc122f8324fd89ccc50e7f604be305c477e1b861e805818b7a664a60ce34a9c,1
2022-12-23,bbc122f8324fd89ccc50e7f604be305c477e1b861e805818b7a664a60ce34a9c,bbc122f8324fd89ccc50e7f604be305c477e1b861e805818b7a664a60ce34a9c,1
2022-12-24,bbc122f8324fd89ccc50e7f604be305c477e1b861e805818b7a664a60ce34a9c,bbc122f8324fd89ccc50e7f604be305c477e1b861e805818b7a664a60ce34a9c,1
2022-12-25,bbc122f8324fd89ccc50e7f604be305c477e1b861e805818b7a664a60ce34a9c,bbc122f8324fd89ccc50e7f604be305c477e1b861e805818b7a664a60ce34a9c,1
2022-12-26,bbc122f8324fd89ccc50e7f604be305c477e1b861e805818b7a664a60ce34a9c,bbc122f8324fd89ccc50e7f604be305c477e1b861e805818b7a664a60ce34a9c,1
2022-12-27,bbc122f8324fd89ccc50e7f604be305c477e1b861e805818b7a664a60ce34a9c,bbc122f8324fd89ccc50e7f604be305c477e1b861e805818b7a664a60ce34a9c,1
2022-12-28,bbc122f8324fd89ccc50e7f604be305c477e1b861e805818b7a664a60ce34a9c,bbc122f8324fd89ccc50e7f604be305c477e1b861e805818b7a664a60ce34a9c,1
2022-12-29,bbc122f8324fd89ccc50e7f604be305c477e1b861e805818b7a664a60ce34a9c,bbc122f8324fd89ccc50e7f604be305c477e1b861e805818b7a664a60ce34a9c,1
2022-12-30,cc768c2db3eea73604df903f96c74e1cffd83f45a0eb64782ee079790dd66557,cc768c2db3eea73604df903f96c74e1cffd83f45a0eb64782ee079790dd66557,1
2022-12-31,cc768c2db3eea73604df903f96c74e1cffd83f45a0eb64782ee079790dd66557,cc768c2db3eea73604df903f96c74e1cffd83f45a0eb64782ee079790dd66557,1
2023-01-01,cc768c2db3eea73604df903f96c74e1cffd83f45a0eb64782ee079790dd66557,cc768c2db3eea73604df903f96c74e1cffd83f45a0eb64782ee079790dd66557,1
2023-01-02,cc768c2db3eea73604df903f96c74e1cffd83f45a0eb64782ee079790dd66557,cc768c2db3eea73604df903f96c74e1cffd83f45a0eb64782ee079790dd66557,1
2023-01-03,cc768c2db3eea73604df903f96c74e1cffd83f45a0eb64782ee079790dd66557,cc768c2db3eea73604df903f96c74e1cffd83f45a0eb64782ee079790dd66557,1
2023-01-04,cc768c2db3eea73604df903f96c74e1cffd83f45a0eb64782ee079790dd66557,cc768c2db3eea73604df903f96c74e1cffd83f45a0eb64782ee079790dd66557,1
2023-01-05,cc768c2db3eea73604df903f96c74e1cffd83f45a0eb64782ee079790dd66557,cc768c2db3eea73604df903f96c74e1cffd83f45a0eb64782ee079790dd66557,1
2023-01-06,cc768c2db3eea73604df903f96c74e1cffd83f45a0eb64782ee079790dd66557,cc768c2db3eea73604df903f96c74e1cffd83f45a0eb64782ee079790dd66557,1
2023-01-07,cc768c2db3eea73604df903f96c74e1cffd83f45a0eb64782ee079790dd66557,cc768c2db3eea73604df903f96c74e1cffd83f45a0eb64782ee079790dd66557,1
2023-01-08,cc768c2db3eea73604df903f96c74e1cffd83f45a0eb64782ee079790dd66557,cc768c2db3eea73604df903f96c74e1cffd83f45a0eb64782ee079790dd66557,1
2023-01-09,cc768c2db3eea73604df903f96c74e1cffd83f45a0eb64782ee079790dd66557,cc768c2db3eea73604df903f96c74e1cffd83f45a0eb64782ee079790dd66557,1
2023-01-10,3adb0d927b2b5d1518508512ec3a7e569ac4f8033453d871a6db6fca690b26dd,3adb0d927b2b5d1518508512ec3a7e569ac4f8033453d871a6db6fca690b26dd,1
2023-01-11,7ff6d385c9aa66765790612f8044e31d2b1cf02f9cccd7d421b3ff22ccd1339f,7ff6d385c9aa66765790612f8044e31d2b1cf02f9cccd7d421b3ff22ccd1339f,1
2023-01-12,7ff6d385c9aa66765790612f8044e31d2b1cf02f9cccd7d421b3ff22ccd1339f,7ff6d385c9aa66765790612f8044e31d2b1cf02f9cccd7d421b3ff22ccd1339f,1
2023-01-13,7ff6d385c9aa66765790612f8044e31d2b1cf02f9cccd7d421b3ff22ccd1339f,7ff6d385c9aa66765790612f8044e31d2b1cf02f9cccd7d421b3ff22ccd1339f,1
2023-01-14,7ff6d385c9aa66765790612f8044e31d2b1cf02f9cccd7d421b3ff22ccd1339f,7ff6d385c9aa66765790612f8044e31d2b1cf02f9cccd7d421b3ff22ccd1339f,1
2023-01-15,7ff6d385c9aa66765790612f8044e31d2b1cf02f9cccd7d421b3ff22ccd1339f,7ff6d385c9aa66765790612f8044e31d2b1cf02f9cccd7d421b3ff22ccd1339f,1
2023-01-16,7ff6d385c9aa66765790612f8044e31d2b1cf02f9cccd7d421b3ff22ccd1339f,7ff6d385c9aa66765790612f8044e31d2b1cf02f9cccd7d421b3ff22ccd1339f,1
2023-01-17,7ff6d385c9aa66765790612f8044e31d2b1cf02f9cccd7d421b3ff22ccd1339f,7ff6d385c9aa66765790612f8044e31d2b1cf02f9cccd7d421b3ff22ccd1339f,1
2023-01-18,cf7391d0d50f8810e369ea559151b3afb16f2fac52efab64ab81b9393c88a20f,cf7391d0d50f8810e369ea559151b3afb16f2fac52efab64ab81b9393c88a20f,1
2023-01-19,cf7391d0d50f8810e369ea559151b3afb16f2fac52efab64ab81b9393c88a20f,cf7391d0d50f8810e369ea559151b3afb16f2fac52efab64ab81b9393c88a20f,1
2023-01-20,cf7391d0d50f8810e369ea559151b3afb16f2fac52efab64ab81b9393c88a20f,cf7391d0d50f8810e369ea559151b3afb16f2fac52efab64ab81b9393c88a20f,1
2023-01-21,cf7391d0d50f8810e369ea559151b3afb16f2fac52efab64ab81b9393c88a20f,cf7391d0d50f8810e369ea559151b3afb16f2fac52efab64ab81b9393c88a20f,1
2023-01-22,cf7391d0d50f8810e369ea559151b3afb16f2fac52efab64ab81b9393c88a20f,cf7391d0d50f8810e369ea559151b3afb16f2fac52efab64ab81b9393c88a20f,1
2023-01-23,4222e8355fc3585775c6d95721a1589b5468896fcf724f5eadc07225eb723405,4222e8355fc3585775c6d95721a1589b5468896fcf724f5eadc07225eb723405,1
2023-01-24,4222e8355fc3585775c6d95721a1589b5468896fcf724f5eadc07225eb723405,4222e8355fc3585775c6d95721a1589b5468896fcf724f5eadc07225eb723405,1
2023-01-25,4222e8355fc3585775c6d95721a1589b5468896fcf724f5eadc07225eb723405,4222e8355fc3585775c6d95721a1589b5468896fcf724f5eadc07225eb723405,1
2023-01-26,7b130cd4a65a6d59b9c63f0e1f35527a7eb5b70831dec5dd1c7d5ecbcfbb9970,7b130cd4a65a6d59b9c63f0e1f35527a7eb5b70831dec5dd1c7d5ecbcfbb9970,1
2023-01-27,7b130cd4a65a6d59b9c63f0e1f35527a7eb5b70831dec5dd1c7d5ecbcfbb9970,7b130cd4a65a6d59b9c63f0e1f35527a7eb5b70831dec5dd1c7d5ecbcfbb9970,1
2023-01-28,7b130cd4a65a6d59b9c63f0e1f35527a7eb5b70831dec5dd1c7d5ecbcfbb9970,7b130cd4a65a6d59b9c63f0e1f35527a7eb5b70831dec5dd1c7d5ecbcfbb9970,1
2023-01-29,7b130cd4a65a6d59b9c63f0e1f35527a7eb5b70831dec5dd1c7d5ecbcfbb9970,7b130cd4a65a6d59b9c63f0e1f35527a7eb5b70831dec5dd1c7d5ecbcfbb9970,1
2023-01-30,7b130cd4a65a6d59b9c63f0e1f35527a7eb5b70831dec5dd1c7d5ecbcfbb9970,7b130cd4a65a6d59b9c63f0e1f35527a7eb5b70831dec5dd1c7d5ecbcfbb9970,1
2023-01-31,7b130cd4a65a6d59b9c63f0e1f35527a7eb5b70831dec5dd1c7d5ecbcfbb9970,7b130cd4a65a6d59b9c63f0e1f35527a7eb5b70831dec5dd1c7d5ecbcfbb9970,1
2023-02-01,7b130cd4a65a6d59b9c63f0e1f35527a7eb5b70831dec5dd1c7d5ecbcfbb9970,7b130cd4a65a6d59b9c63f0e1f35527a7eb5b70831dec5dd1c7d5ecbcfbb9970,1
2023-02-02,19cbe939bcdfcc74dbe6acd8c42e70123115d5ec8748893b51c8b0638608bbab,19cbe939bcdfcc74dbe6acd8c42e70123115d5ec8748893b51c8b0638608bbab,1
2023-02-03,19cbe939bcdfcc74dbe6acd8c42e70123115d5ec8748893b51c8b0638608bbab,19cbe939bcdfcc74dbe6acd8c42e70123115d5ec8748893b51c8b0638608bbab,1
2023-02-04,19cbe939bcdfcc74dbe6acd8c42e70123115d5ec8748893b51c8b0638608bbab,19cbe939bcdfcc74dbe6acd8c42e70123115d5ec8748893b51c8b0638608bbab,1
2023-02-05,19cbe939bcdfcc74dbe6acd8c42e70123115d5ec8748893b51c8b0638608bbab,19cbe939bcdfcc74dbe6acd8c42e70123115d5ec8748893b51c8b0638608bbab,1
2023-02-06,19cbe939bcdfcc74dbe6acd8c42e70123115d5ec8748893b51c8b0638608bbab,19cbe939bcdfcc74dbe6acd8c42e70123115d5ec8748893b51c8b0638608bbab,1
2023-02-07,19cbe939bcdfcc74dbe6acd8c42e70123115d5ec8748893b51c8b0638608bbab,19cbe939bcdfcc74dbe6acd8c42e70123115d5ec8748893b51c8b0638608bbab,1
2023-02-08,19cbe939bcdfcc74dbe6acd8c42e70123115d5ec8748893b51c8b0638608bbab,19cbe939bcdfcc74dbe6acd8c42e70123115d5ec8748893b51c8b0638608bbab,1
2023-02-09,19cbe939bcdfcc74dbe6acd8c42e70123115d5ec8748893b51c8b0638608bbab,19cbe939bcdfcc74dbe6acd8c42e70123115d5ec8748893b51c8b0638608bbab,1
2023-02-10,c30671184065bd567aa58f1817abe831504c024a1d22aaacb4b42cc4339435ea,c30671184065bd567aa58f1817abe831504c024a1d22aaacb4b42cc4339435ea,1
2023-02-11,c30671184065bd567aa58f1817abe831504c024a1d22aaacb4b42cc4339435ea,c30671184065bd567aa58f1817abe831504c024a1d22aaacb4b42cc4339435ea,1
2023-02-12,c30671184065bd567aa58f1817abe831504c024a1d22aaacb4b42cc4339435ea,c30671184065bd567aa58f1817abe831504c024a1d22aaacb4b42cc4339435ea,1
2023-02-13,c30671184065bd567aa58f1817abe831504c024a1d22aaacb4b42cc4339435ea,c30671184065bd567aa58f1817abe831504c024a1d22aaacb4b42cc4339435ea,1
2023-02-14,c30671184065bd567aa58f1817abe831504c024a1d22aaacb4b42cc4339435ea,c30671184065bd567aa58f1817abe831504c024a1d22aaacb4b42cc4339435ea,1
2023-02-15,d32b23840f3ab436fe105e6057a16e1d9828fc58b764e6c8324588bec63d98b9,d32b23840f3ab436fe105e6057a16e1d9828fc58b764e6c8324588bec63d98b9,1
2023-02-16,1966df51f6a8fb69f55a5587d3e9110fe864d96ea235086ba1f06e39b2c28458,1966df51f6a8fb69f55a5587d3e9110fe864d96ea235086ba1f06e39b2c28458,1
2023-02-17,1966df51f6a8fb69f55a5587d3e9110fe864d96ea235086ba1f06e39b2c28458,1966df51f6a8fb69f55a5587d3e9110fe864d96ea235086ba1f06e39b2c28458,1
2023-02-18,1966df51f6a8fb69f55a5587d3e9110fe864d96ea235086ba1f06e39b2c28458,1966df51f6a8fb69f55a5587d3e9110fe864d96ea235086ba1f06e39b2c28458,1
2023-02-19,1966df51f6a8fb69f55a5587d3e9110fe864d96ea235086ba1f06e39b2c28458,1966df51f6a8fb69f55a5587d3e9110fe864d96ea235086ba1f06e39b2c28458,1
2023-02-20,1966df51f6a8fb69f55a5587d3e9110fe864d96ea235086ba1f06e39b2c28458,1966df51f6a8fb69f55a5587d3e9110fe864d96ea235086ba1f06e39b2c28458,1
2023-02-21,654c0d1148ff3dad171dbb7dc40baea155ab03503a48c5cbcd39341800741810,654c0d1148ff3dad171dbb7dc40baea155ab03503a48c5cbcd39341800741810,1
2023-02-22,654c0d1148ff3dad171dbb7dc40baea155ab03503a48c5cbcd39341800741810,654c0d1148ff3dad171dbb7dc40baea155ab03503a48c5cbcd39341800741810,1
2023-02-23,654c0d1148ff3dad171dbb7dc40baea155ab03503a48c5cbcd39341800741810,654c0d1148ff3dad171dbb7dc40baea155ab03503a48c5cbcd39341800741810,1
2023-02-24,654c0d1148ff3dad171dbb7dc40baea155ab03503a48c5cbcd39341800741810,654c0d1148ff3dad171dbb7dc40baea155ab03503a48c5cbcd39341800741810,1
2023-02-25,654c0d1148ff3dad171dbb7dc40baea155ab03503a48c5cbcd39341800741810,654c0d1148ff3dad171dbb7dc40baea155ab03503a48c5cbcd39341800741810,1
2023-02-26,654c0d1148ff3dad171dbb7dc40baea155ab03503a48c5cbcd39341800741810,654c0d1148ff3dad171dbb7dc40baea155ab03503a48c5cbcd39341800741810,1
2023-02-27,940a46f8ab79401cdc137f9327d3154975bd87c1d848db81d0a1a07b526d6516,940a46f8ab79401cdc137f9327d3154975bd87c1d848db81d0a1a07b526d6516,1
2023-02-28,940a46f8ab79401cdc137f9327d3154975bd87c1d848db81d0a1a07b526d6516,940a46f8ab79401cdc137f9327d3154975bd87c1d848db81d0a1a07b526d6516,1
2023-03-01,940a46f8ab79401cdc137f9327d3154975bd87c1d848db81d0a1a07b526d6516,940a46f8ab79401cdc137f9327d3154975bd87c1d848db81d0a1a07b526d6516,1
2023-03-02,940a46f8ab79401cdc137f9327d3154975bd87c1d848db81d0a1a07b526d6516,940a46f8ab79401cdc137f9327d3154975bd87c1d848db81d0a1a07b526d6516,1
2023-03-03,940a46f8ab79401cdc137f9327d3154975bd87c1d848db81d0a1a07b526d6516,940a46f8ab79401cdc137f9327d3154975bd87c1d848db81d0a1a07b526d6516,1
2023-03-04,940a46f8ab79401cdc137f9327d3154975bd87c1d848db81d0a1a07b526d6516,940a46f8ab79401cdc137f9327d3154975bd87c1d848db81d0a1a07b526d6516,1
2023-03-05,940a46f8ab79401cdc137f9327d3154975bd87c1d848db81d0a1a07b526d6516,940a46f8ab79401cdc137f9327d3154975bd87c1d848db81d0a1a07b526d6516,1
2023-03-06,940a46f8ab79401cdc137f9327d3154975bd87c1d848db81d0a1a07b526d6516,940a46f8ab79401cdc137f9327d3154975bd87c1d848db81d0a1a07b526d6516,1
2023-03-07,8eb817b85acec7cc6521d1693f6777e00b906b4518c2b25f97444eefc4abe57d,8eb817b85acec7cc6521d1693f6777e00b906b4518c2b25f97444eefc4abe57d,1
2023-03-08,8eb817b85acec7cc6521d1693f6777e00b906b4518c2b25f97444eefc4abe57d,8eb817b85acec7cc6521d1693f6777e00b906b4518c2b25f97444eefc4abe57d,1
2023-03-09,8eb817b85acec7cc6521d1693f6777e00b906b4518c2b25f97444eefc4abe57d,8eb817b85acec7cc6521d1693f6777e00b906b4518c2b25f97444eefc4abe57d,1
2023-03-10,9bfe518d42be289139e90d6e43368e82ed3b52fe8b301d70a9b9f955cd115678,9bfe518d42be289139e90d6e43368e82ed3b52fe8b301d70a9b9f955cd115678,1
2023-03-11,9bfe518d42be289139e90d6e43368e82ed3b52fe8b301d70a9b9f955cd115678,9bfe518d42be289139e90d6e43368e82ed3b52fe8b301d70a9b9f955cd115678,1
2023-03-12,9bfe518d42be289139e90d6e43368e82ed3b52fe8b301d70a9b9f955cd115678,9bfe518d42be289139e90d6e43368e82ed3b52fe8b301d70a9b9f955cd115678,1
2023-03-13,9bfe518d42be289139e90d6e43368e82ed3b52fe8b301d70a9b9f955cd115678,9bfe518d42be289139e90d6e43368e82ed3b52fe8b301d70a9b9f955cd115678,1
2023-03-14,96966b1f0c40697a672313696a39b30d40c4b14d4cd311b7435445d756d6354a,96966b1f0c40697a672313696a39b30d40c4b14d4cd311b7435445d756d6354a,1
2023-03-15,5dfa5ccb275be43003a40688bebd9b0a818ad6fc1a7ccd008cba7080eb30b712,5dfa5ccb275be43003a40688bebd9b0a818ad6fc1a7ccd008cba7080eb30b712,1
2023-03-16,75703b6d3e04b07e559e7e85d74cfeda6a1560ce656fd2045a854a267425fd36,75703b6d3e04b07e559e7e85d74cfeda6a1560ce656fd2045a854a267425fd36,1
2023-03-17,75703b6d3e04b07e559e7e85d74cfeda6a1560ce656fd2045a854a267425fd36,75703b6d3e04b07e559e7e85d74cfeda6a1560ce656fd2045a854a267425fd36,1
2023-03-18,75703b6d3e04b07e559e7e85d74cfeda6a1560ce656fd2045a854a267425fd36,75703b6d3e04b07e559e7e85d74cfeda6a1560ce656fd2045a854a267425fd36,1
2023-03-19,75703b6d3e04b07e559e7e85d74cfeda6a1560ce656fd2045a854a267425fd36,75703b6d3e04b07e559e7e85d74cfeda6a1560ce656fd2045a854a267425fd36,1
2023-03-20,75703b6d3e04b07e559e7e85d74cfeda6a1560ce656fd2045a854a267425fd36,75703b6d3e04b07e559e7e85d74cfeda6a1560ce656fd2045a854a267425fd36,1
2023-03-21,75703b6d3e04b07e559e7e85d74cfeda6a1560ce656fd2045a854a267425fd36,75703b6d3e04b07e559e7e85d74cfeda6a1560ce656fd2045a854a267425fd36,1
2023-03-22,75703b6d3e04b07e559e7e85d74cfeda6a1560ce656fd2045a854a267425fd36,75703b6d3e04b07e559e7e85d74cfeda6a1560ce656fd2045a854a267425fd36,1
2023-03-23,75703b6d3e04b07e559e7e85d74cfeda6a1560ce656fd2045a854a267425fd36,75703b6d3e04b07e559e7e85d74cfeda6a1560ce656fd2045a854a267425fd36,1
2023-03-24,75703b6d3e04b07e559e7e85d74cfeda6a1560ce656fd2045a854a267425fd36,75703b6d3e04b07e559e7e85d74cfeda6a1560ce656fd2045a854a267425fd36,1
2023-03-25,75703b6d3e04b07e559e7e85d74cfeda6a1560ce656fd2045a854a267425fd36,75703b6d3e04b07e559e7e85d74cfeda6a1560ce656fd2045a854a267425fd36,1
2023-03-26,75703b6d3e04b07e559e7e85d74cfeda6a1560ce656fd2045a854a267425fd36,75703b6d3e04b07e559e7e85d74cfeda6a1560ce656fd2045a854a267425fd36,1
2023-03-27,75703b6d3e04b07e559e7e85d74cfeda6a1560ce656fd2045a854a267425fd36,75703b6d3e04b07e559e7e85d74cfeda6a1560ce656fd2045a854a267425fd36,1
2023-03-28,75703b6d3e04b07e559e7e85d74cfeda6a1560ce656fd2045a854a267425fd36,75703b6d3e04b07e559e7e85d74cfeda6a1560ce656fd2045a854a267425fd36,1
2023-03-29,75703b6d3e04b07e559e7e85d74cfeda6a1560ce656fd2045a854a267425fd36,75703b6d3e04b07e559e7e85d74cfeda6a1560ce656fd2045a854a267425fd36,1
2023-03-30,045636becd826803de7b01f775db0528637f017808c78e911f12dfcd377e5d2a,045636becd826803de7b01f775db0528637f017808c78e911f12dfcd377e5d2a,1
2023-03-31,959c695792a5f93d92a374ec9c4713714bcfd13f8833750c22ed2f6b13278f9e,959c695792a5f93d92a374ec9c4713714bcfd13f8833750c22ed2f6b13278f9e,1
2023-04-01,959c695792a5f93d92a374ec9c4713714bcfd13f8833750c22ed2f6b13278f9e,959c695792a5f93d92a374ec9c4713714bcfd13f8833750c22ed2f6b13278f9e,1
2023-04-02,959c695792a5f93d92a374ec9c4713714bcfd13f8833750c22ed2f6b13278f9e,959c695792a5f93d92a374ec9c4713714bcfd13f8833750c22ed2f6b13278f9e,1
2023-04-03,a8e1a15c038fe27d39c405304f09a91ec4bcbb7c60a459f1f9372e002466b10f,a8e1a15c038fe27d39c405304f09a91ec4bcbb7c60a459f1f9372e002466b10f,1
2023-04-04,a8e1a15c038fe27d39c405304f09a91ec4bcbb7c60a459f1f9372e002466b10f,a8e1a15c038fe27d39c405304f09a91ec4bcbb7c60a459f1f9372e002466b10f,1
2023-04-05,a8e1a15c038fe27d39c405304f09a91ec4bcbb7c60a459f1f9372e002466b10f,a8e1a15c038fe27d39c405304f09a91ec4bcbb7c60a459f1f9372e002466b10f,1
2023-04-06,a8e1a15c038fe27d39c405304f09a91ec4bcbb7c60a459f1f9372e002466b10f,a8e1a15c038fe27d39c405304f09a91ec4bcbb7c60a459f1f9372e002466b10f,1
2023-04-07,1acb793dd4cfd72e7f008647a68d6c6e0584d8b617795a6db8effbba10b70368,1acb793dd4cfd72e7f008647a68d6c6e0584d8b617795a6db8effbba10b70368,1
2023-04-08,1acb793dd4cfd72e7f008647a68d6c6e0584d8b617795a6db8effbba10b70368,1acb793dd4cfd72e7f008647a68d6c6e0584d8b617795a6db8effbba10b70368,1
2023-04-09,1acb793dd4cfd72e7f008647a68d6c6e0584d8b617795a6db8effbba10b70368,1acb793dd4cfd72e7f008647a68d6c6e0584d8b617795a6db8effbba10b70368,1
2023-04-10,ca8e719fc3b24833de8ad3e45601c4824fd7c7bd43a8811c5a817952c7db1ed0,ca8e719fc3b24833de8ad3e45601c4824fd7c7bd43a8811c5a817952c7db1ed0,1
2023-04-11,96b53e71577ef54fdccf7bced32ac959e6bdcec2490c68ac78ed1e9ea3872f7e,96b53e71577ef54fdccf7bced32ac959e6bdcec2490c68ac78ed1e9ea3872f7e,1
2023-04-12,c850eb24c1a6a380db24997e1f5e41d2f07a314154c4a8428b2f95565f5bea69,c850eb24c1a6a380db24997e1f5e41d2f07a314154c4a8428b2f95565f5bea69,1
2023-04-13,11999250bf085b6d8c1987909cb56b3b7414794f1ee18856196d8ebf88cd6eea,11999250bf085b6d8c1987909cb56b3b7414794f1ee18856196d8ebf88cd6eea,1
2023-04-14,11999250bf085b6d8c1987909cb56b3b7414794f1ee18856196d8ebf88cd6eea,11999250bf085b6d8c1987909cb56b3b7414794f1ee18856196d8ebf88cd6eea,1
2023-04-15,11999250bf085b6d8c1987909cb56b3b7414794f1ee18856196d8ebf88cd6eea,11999250bf085b6d8c1987909cb56b3b7414794f1ee18856196d8ebf88cd6eea,1
2023-04-16,11999250bf085b6d8c1987909cb56b3b7414794f1ee18856196d8ebf88cd6eea,11999250bf085b6d8c1987909cb56b3b7414794f1ee18856196d8ebf88cd6eea,1
2023-04-17,1dfadb7849193447982b6b6973708d65062f3be1fa37eef498f995e5f6e4cf2f,1dfadb7849193447982b6b6973708d65062f3be1fa37eef498f995e5f6e4cf2f,1
2023-04-18,1dfadb7849193447982b6b6973708d65062f3be1fa37eef498f995e5f6e4cf2f,1dfadb7849193447982b6b6973708d65062f3be1fa37eef498f995e5f6e4cf2f,1
2023-04-19,f98c153453a47f1945c13aa54b236988984f66e0a0eec54f18f78d381f5bb58f,f98c153453a47f1945c13aa54b236988984f66e0a0eec54f18f78d381f5bb58f,1
2023-04-20,f98c153453a47f1945c13aa54b236988984f66e0a0eec54f18f78d381f5bb58f,f98c153453a47f1945c13aa54b236988984f66e0a0eec54f18f78d381f5bb58f,1
2023-04-21,bc568b913bf41b0a07ceeaadc79cf834f00835168954366cb1982fb1b3cebdce,bc568b913bf41b0a07ceeaadc79cf834f00835168954366cb1982fb1b3cebdce,1
2023-04-22,bc568b913bf41b0a07ceeaadc79cf834f00835168954366cb1982fb1b3cebdce,bc568b913bf41b0a07ceeaadc79cf834f00835168954366cb1982fb1b3cebdce,1
2023-04-23,bc568b913bf41b0a07ceeaadc79cf834f00835168954366cb1982fb1b3cebdce,bc568b913bf41b0a07ceeaadc79cf834f00835168954366cb1982fb1b3cebdce,1
2023-04-24,bc568b913bf41b0a07ceeaadc79cf834f00835168954366cb1982fb1b3cebdce,bc568b913bf41b0a07ceeaadc79cf834f00835168954366cb1982fb1b3cebdce,1
2023-04-25,bc568b913bf41b0a07ceeaadc79cf834f00835168954366cb1982fb1b3cebdce,bc568b913bf41b0a07ceeaadc79cf834f00835168954366cb1982fb1b3cebdce,1
2023-04-26,bc568b913bf41b0a07ceeaadc79cf834f00835168954366cb1982fb1b3cebdce,bc568b913bf41b0a07ceeaadc79cf834f00835168954366cb1982fb1b3cebdce,1
2023-04-27,bc568b913bf41b0a07ceeaadc79cf834f00835168954366cb1982fb1b3cebdce,bc568b913bf41b0a07ceeaadc79cf834f00835168954366cb1982fb1b3cebdce,1
2023-04-28,bc568b913bf41b0a07ceeaadc79cf834f00835168954366cb1982fb1b3cebdce,bc568b913bf41b0a07ceeaadc79cf834f00835168954366cb1982fb1b3cebdce,1
2023-04-29,bc568b913bf41b0a07ceeaadc79cf834f00835168954366cb1982fb1b3cebdce,bc568b913bf41b0a07ceeaadc79cf834f00835168954366cb1982fb1b3cebdce,1
2023-04-30,bc568b913bf41b0a07ceeaadc79cf834f00835168954366cb1982fb1b3cebdce,bc568b913bf41b0a07ceeaadc79cf834f00835168954366cb1982fb1b3cebdce,1
2023-05-01,7636add09c08424dc5c7171499c2daf5d4d13f266cb6ba1bed10e5ea7ce6c528,7636add09c08424dc5c7171499c2daf5d4d13f266cb6ba1bed10e5ea7ce6c528,1
2023-05-02,7636add09c08424dc5c7171499c2daf5d4d13f266cb6ba1bed10e5ea7ce6c528,7636add09c08424dc5c7171499c2daf5d4d13f266cb6ba1bed10e5ea7ce6c528,1
2023-05-03,7636add09c08424dc5c7171499c2daf5d4d13f266cb6ba1bed10e5ea7ce6c528,7636add09c08424dc5c7171499c2daf5d4d13f266cb6ba1bed10e5ea7ce6c528,1
2023-05-04,7636add09c08424dc5c7171499c2daf5d4d13f266cb6ba1bed10e5ea7ce6c528,7636add09c08424dc5c7171499c2daf5d4d13f266cb6ba1bed10e5ea7ce6c528,1
2023-05-05,7636add09c08424dc5c7171499c2daf5d4d13f266cb6ba1bed10e5ea7ce6c528,7636add09c08424dc5c7171499c2daf5d4d13f266cb6ba1bed10e5ea7ce6c528,1
2023-05-06,7636add09c08424dc5c7171499c2daf5d4d13f266cb6ba1bed10e5ea7ce6c528,7636add09c08424dc5c7171499c2daf5d4d13f266cb6ba1bed10e5ea7ce6c528,1
2023-05-07,7636add09c08424dc5c7171499c2daf5d4d13f266cb6ba1bed10e5ea7ce6c528,7636add09c08424dc5c7171499c2daf5d4d13f266cb6ba1bed10e5ea7ce6c528,1
2023-05-08,7636add09c08424dc5c7171499c2daf5d4d13f266cb6ba1bed10e5ea7ce6c528,7636add09c08424dc5c7171499c2daf5d4d13f266cb6ba1bed10e5ea7ce6c528,1
2023-05-09,7636add09c08424dc5c7171499c2daf5d4d13f266cb6ba1bed10e5ea7ce6c528,7636add09c08424dc5c7171499c2daf5d4d13f266cb6ba1bed10e5ea7ce6c528,1
2023-05-11,d8b897f3e05bea55735dc09d7d67a3e230c639a451782f15750700b72e260f5f,d8b897f3e05bea55735dc09d7d67a3e230c639a451782f15750700b72e260f5f,1
2023-05-12,19917b77b42c5be99de9ddad5b31e50580ed7a79766f4e12d59537a5cbb19a52,19917b77b42c5be99de9ddad5b31e50580ed7a79766f4e12d59537a5cbb19a52,1
2023-05-13,19917b77b42c5be99de9ddad5b31e50580ed7a79766f4e12d59537a5cbb19a52,19917b77b42c5be99de9ddad5b31e50580ed7a79766f4e12d59537a5cbb19a52,1
2023-05-14,19917b77b42c5be99de9ddad5b31e50580ed7a79766f4e12d59537a5cbb19a52,19917b77b42c5be99de9ddad5b31e50580ed7a79766f4e12d59537a5cbb19a52,1
2023-05-15,19917b77b42c5be99de9ddad5b31e50580ed7a79766f4e12d59537a5cbb19a52,19917b77b42c5be99de9ddad5b31e50580ed7a79766f4e12d59537a5cbb19a52,1
2023-05-16,19917b77b42c5be99de9ddad5b31e50580ed7a79766f4e12d59537a5cbb19a52,19917b77b42c5be99de9ddad5b31e50580ed7a79766f4e12d59537a5cbb19a52,1
2023-05-17,19917b77b42c5be99de9ddad5b31e50580ed7a79766f4e12d59537a5cbb19a52,19917b77b42c5be99de9ddad5b31e50580ed7a79766f4e12d59537a5cbb19a52,1
2023-05-18,19917b77b42c5be99de9ddad5b31e50580ed7a79766f4e12d59537a5cbb19a52,19917b77b42c5be99de9ddad5b31e50580ed7a79766f4e12d59537a5cbb19a52,1
2023-05-19,563f892f56cca579263e8c50e51cf754179e51f3bc755d81e759807594afdccc,563f892f56cca579263e8c50e51cf754179e51f3bc755d81e759807594afdccc,1
2023-05-20,563f892f56cca579263e8c50e51cf754179e51f3bc755d81e759807594afdccc,563f892f56cca579263e8c50e51cf754179e51f3bc755d81e759807594afdccc,1
2023-05-21,563f892f56cca579263e8c50e51cf754179e51f3bc755d81e759807594afdccc,563f892f56cca579263e8c50e51cf754179e51f3bc755d81e759807594afdccc,1
2023-05-22,8ca59def24ce3c9e1fe21eda23627a76a0f69dda083f364566d28b46341c014a,8ca59def24ce3c9e1fe21eda23627a76a0f69dda083f364566d28b46341c014a,1
2023-05-23,8ca59def24ce3c9e1fe21eda23627a76a0f69dda083f364566d28b46341c014a,8ca59def24ce3c9e1fe21eda23627a76a0f69dda083f364566d28b46341c014a,1
2023-05-24,8ca59def24ce3c9e1fe21eda23627a76a0f69dda083f364566d28b46341c014a,8ca59def24ce3c9e1fe21eda23627a76a0f69dda083f364566d28b46341c014a,1
2023-05-25,7aaccf1f205ddceb6763fb56b16caff423fb1e5b3937a78b74d78ebca1250632,7aaccf1f205ddceb6763fb56b16caff423fb1e5b3937a78b74d78ebca1250632,1
2023-05-26,504798ea2e3230291e6ff067782f831edf7357a2cea84c940a8096dc65f8e33d,504798ea2e3230291e6ff067782f831edf7357a2cea84c940a8096dc65f8e33d,1
2023-05-27,504798ea2e3230291e6ff067782f831edf7357a2cea84c940a8096dc65f8e33d,504798ea2e3230291e6ff067782f831edf7357a2cea84c940a8096dc65f8e33d,1
2023-05-28,504798ea2e3230291e6ff067782f831edf7357a2cea84c940a8096dc65f8e33d,504798ea2e3230291e6ff067782f831edf7357a2cea84c940a8096dc65f8e33d,1
2023-05-29,504798ea2e3230291e6ff067782f831edf7357a2cea84c940a8096dc65f8e33d,504798ea2e3230291e6ff067782f831edf7357a2cea84c940a8096dc65f8e33d,1
2023-05-30,504798ea2e3230291e6ff067782f831edf7357a2cea84c940a8096dc65f8e33d,504798ea2e3230291e6ff067782f831edf7357a2cea84c940a8096dc65f8e33d,1
2023-05-31,6153de69d1a1c7873a9e5cf668da796145a7ff702b6245003262f1a439720703,6153de69d1a1c7873a9e5cf668da796145a7ff702b6245003262f1a439720703,1
2023-06-01,6153de69d1a1c7873a9e5cf668da796145a7ff702b6245003262f1a439720703,6153de69d1a1c7873a9e5cf668da796145a7ff702b6245003262f1a439720703,1
2023-06-02,0eaa62ffe4427918e55d07b923353cea02a0f4626bc1f2da13a6f2716a72c541,0eaa62ffe4427918e55d07b923353cea02a0f4626bc1f2da13a6f2716a72c541,1
2023-06-03,0eaa62ffe4427918e55d07b923353cea02a0f4626bc1f2da13a6f2716a72c541,0eaa62ffe4427918e55d07b923353cea02a0f4626bc1f2da13a6f2716a72c541,1
2023-06-04,0eaa62ffe4427918e55d07b923353cea02a0f4626bc1f2da13a6f2716a72c541,0eaa62ffe4427918e55d07b923353cea02a0f4626bc1f2da13a6f2716a72c541,1
2023-06-05,1495b9cb64447c7dcd15401a300d2338f391123c3993f4da71352d0cb36aad9f,1495b9cb64447c7dcd15401a300d2338f391123c3993f4da71352d0cb36aad9f,1
2023-06-06,1495b9cb64447c7dcd15401a300d2338f391123c3993f4da71352d0cb36aad9f,1495b9cb64447c7dcd15401a300d2338f391123c3993f4da71352d0cb36aad9f,1
2023-06-07,1495b9cb64447c7dcd15401a300d2338f391123c3993f4da71352d0cb36aad9f,1495b9cb64447c7dcd15401a300d2338f391123c3993f4da71352d0cb36aad9f,1
2023-06-08,f53631cd5810336247226981392c2b6181650d00651ba5212b6d61896399cf0e,f53631cd5810336247226981392c2b6181650d00651ba5212b6d61896399cf0e,1
2023-06-09,f53631cd5810336247226981392c2b6181650d00651ba5212b6d61896399cf0e,f53631cd5810336247226981392c2b6181650d00651ba5212b6d61896399cf0e,1
2023-06-10,f53631cd5810336247226981392c2b6181650d00651ba5212b6d61896399cf0e,f53631cd5810336247226981392c2b6181650d00651ba5212b6d61896399cf0e,1
2023-06-11,f53631cd5810336247226981392c2b6181650d00651ba5212b6d61896399cf0e,f53631cd5810336247226981392c2b6181650d00651ba5212b6d61896399cf0e,1
2023-06-12,f53631cd5810336247226981392c2b6181650d00651ba5212b6d61896399cf0e,f53631cd5810336247226981392c2b6181650d00651ba5212b6d61896399cf0e,1
2023-06-13,8414f4c17a372c5e9e1490aafa0d2c1927cee5e989cfd3ccb63d1a91a466ce1f,8414f4c17a372c5e9e1490aafa0d2c1927cee5e989cfd3ccb63d1a91a466ce1f,1
2023-06-14,8414f4c17a372c5e9e1490aafa0d2c1927cee5e989cfd3ccb63d1a91a466ce1f,8414f4c17a372c5e9e1490aafa0d2c1927cee5e989cfd3ccb63d1a91a466ce1f,1
2023-06-15,8414f4c17a372c5e9e1490aafa0d2c1927cee5e989cfd3ccb63d1a91a466ce1f,8414f4c17a372c5e9e1490aafa0d2c1927cee5e989cfd3ccb63d1a91a466ce1f,1
2023-06-16,746e202f6102ab5a842658b536bcdddf1c18b4fe607c1b8bc6bb877c03d0f9df,746e202f6102ab5a842658b536bcdddf1c18b4fe607c1b8bc6bb877c03d0f9df,1
2023-06-17,746e202f6102ab5a842658b536bcdddf1c18b4fe607c1b8bc6bb877c03d0f9df,746e202f6102ab5a842658b536bcdddf1c18b4fe607c1b8bc6bb877c03d0f9df,1
2023-06-18,746e202f6102ab5a842658b536bcdddf1c18b4fe607c1b8bc6bb877c03d0f9df,746e202f6102ab5a842658b536bcdddf1c18b4fe607c1b8bc6bb877c03d0f9df,1
2023-06-19,746e202f6102ab5a842658b536bcdddf1c18b4fe607c1b8bc6bb877c03d0f9df,746e202f6102ab5a842658b536bcdddf1c18b4fe607c1b8bc6bb877c03d0f9df,1
2023-06-20,746e202f6102ab5a842658b536bcdddf1c18b4fe607c1b8bc6bb877c03d0f9df,746e202f6102ab5a842658b536bcdddf1c18b4fe607c1b8bc6bb877c03d0f9df,1
2023-06-21,746e202f6102ab5a842658b536bcdddf1c18b4fe607c1b8bc6bb877c03d0f9df,746e202f6102ab5a842658b536bcdddf1c18b4fe607c1b8bc6bb877c03d0f9df,1
2023-06-22,b923bbbb3f400dc99535af8142d83acc04c9fc048c6dc7338434e2fe0b11d47c,b923bbbb3f400dc99535af8142d83acc04c9fc048c6dc7338434e2fe0b11d47c,1
2023-06-23,014ae0dd0480f7c5e58f31f5b66c00e6f064741c1e4c148cce2e4fc6a9ddf868,014ae0dd0480f7c5e58f31f5b66c00e6f064741c1e4c148cce2e4fc6a9ddf868,1
2023-06-24,014ae0dd0480f7c5e58f31f5b66c00e6f064741c1e4c148cce2e4fc6a9ddf868,014ae0dd0480f7c5e58f31f5b66c00e6f064741c1e4c148cce2e4fc6a9ddf868,1
2023-06-25,014ae0dd0480f7c5e58f31f5b66c00e6f064741c1e4c148cce2e4fc6a9ddf868,014ae0dd0480f7c5e58f31f5b66c00e6f064741c1e4c148cce2e4fc6a9ddf868,1
2023-06-26,014ae0dd0480f7c5e58f31f5b66c00e6f064741c1e4c148cce2e4fc6a9ddf868,014ae0dd0480f7c5e58f31f5b66c00e6f064741c1e4c148cce2e4fc6a9ddf868,1
2023-06-27,014ae0dd0480f7c5e58f31f5b66c00e6f064741c1e4c148cce2e4fc6a9ddf868,014ae0dd0480f7c5e58f31f5b66c00e6f064741c1e4c148cce2e4fc6a9ddf868,1
2023-06-28,014ae0dd0480f7c5e58f31f5b66c00e6f064741c1e4c148cce2e4fc6a9ddf868,014ae0dd0480f7c5e58f31f5b66c00e6f064741c1e4c148cce2e4fc6a9ddf868,1
2023-06-29,9b56af6d25467f94b79525d0d393d74ea7346f832896708a0a213ef28f1acee7,9b56af6d25467f94b79525d0d393d74ea7346f832896708a0a213ef28f1acee7,1
2023-06-30,66cc52bf12575e9ced0a32b9ece3953ae70fd1d8af5338387a8ac961d34d8b8d,66cc52bf12575e9ced0a32b9ece3953ae70fd1d8af5338387a8ac961d34d8b8d,1
2023-07-01,66cc52bf12575e9ced0a32b9ece3953ae70fd1d8af5338387a8ac961d34d8b8d,66cc52bf12575e9ced0a32b9ece3953ae70fd1d8af5338387a8ac961d34d8b8d,1
2023-07-02,66cc52bf12575e9ced0a32b9ece3953ae70fd1d8af5338387a8ac961d34d8b8d,66cc52bf12575e9ced0a32b9ece3953ae70fd1d8af5338387a8ac961d34d8b8d,1
2023-07-03,66cc52bf12575e9ced0a32b9ece3953ae70fd1d8af5338387a8ac961d34d8b8d,66cc52bf12575e9ced0a32b9ece3953ae70fd1d8af5338387a8ac961d34d8b8d,1
2023-07-04,66cc52bf12575e9ced0a32b9ece3953ae70fd1d8af5338387a8ac961d34d8b8d,66cc52bf12575e9ced0a32b9ece3953ae70fd1d8af5338387a8ac961d34d8b8d,1
2023-07-05,66cc52bf12575e9ced0a32b9ece3953ae70fd1d8af5338387a8ac961d34d8b8d,66cc52bf12575e9ced0a32b9ece3953ae70fd1d8af5338387a8ac961d34d8b8d,1
2023-07-06,66cc52bf12575e9ced0a32b9ece3953ae70fd1d8af5338387a8ac961d34d8b8d,66cc52bf12575e9ced0a32b9ece3953ae70fd1d8af5338387a8ac961d34d8b8d,1
2023-07-07,3ac5f34e0632a22022bfb513f52d273a4e4fc55d72eccfaf9ffa8fdf0f5f5ace,3ac5f34e0632a22022bfb513f52d273a4e4fc55d72eccfaf9ffa8fdf0f5f5ace,1
2023-07-08,3ac5f34e0632a22022bfb513f52d273a4e4fc55d72eccfaf9ffa8fdf0f5f5ace,3ac5f34e0632a22022bfb513f52d273a4e4fc55d72eccfaf9ffa8fdf0f5f5ace,1
2023-07-09,3ac5f34e0632a22022bfb513f52d273a4e4fc55d72eccfaf9ffa8fdf0f5f5ace,3ac5f34e0632a22022bfb513f52d273a4e4fc55d72eccfaf9ffa8fdf0f5f5ace,1
2023-07-10,3ac5f34e0632a22022bfb513f52d273a4e4fc55d72eccfaf9ffa8fdf0f5f5ace,3ac5f34e0632a22022bfb513f52d273a4e4fc55d72eccfaf9ffa8fdf0f5f5ace,1
2023-07-11,4ed9a64503a9f949b1566f8fe58d2ddd993d6bf3381a600adf3f5c9ee8882d18,4ed9a64503a9f949b1566f8fe58d2ddd993d6bf3381a600adf3f5c9ee8882d18,1
2023-07-12,4ed9a64503a9f949b1566f8fe58d2ddd993d6bf3381a600adf3f5c9ee8882d18,4ed9a64503a9f949b1566f8fe58d2ddd993d6bf3381a600adf3f5c9ee8882d18,1
2023-07-13,05684abcd841e0b8db1ee0535f92e761b7b139c4a14e16c9dbee09e9909fe5cb,05684abcd841e0b8db1ee0535f92e761b7b139c4a14e16c9dbee09e9909fe5cb,1
2023-07-14,05684abcd841e0b8db1ee0535f92e761b7b139c4a14e16c9dbee09e9909fe5cb,05684abcd841e0b8db1ee0535f92e761b7b139c4a14e16c9dbee09e9909fe5cb,1
2023-07-15,05684abcd841e0b8db1ee0535f92e761b7b139c4a14e16c9dbee09e9909fe5cb,05684abcd841e0b8db1ee0535f92e761b7b139c4a14e16c9dbee09e9909fe5cb,1
2023-07-16,05684abcd841e0b8db1ee0535f92e761b7b139c4a14e16c9dbee09e9909fe5cb,05684abcd841e0b8db1ee0535f92e761b7b139c4a14e16c9dbee09e9909fe5cb,1
2023-07-17,05684abcd841e0b8db1ee0535f92e761b7b139c4a14e16c9dbee09e9909fe5cb,05684abcd841e0b8db1ee0535f92e761b7b139c4a14e16c9dbee09e9909fe5cb,1
2023-07-18,7400f6305d591a99828f9214e15b2b4ded56559396dd4b63019e836ecb130f7b,7400f6305d591a99828f9214e15b2b4ded56559396dd4b63019e836ecb130f7b,1
2023-07-19,d4cd0bba67344e2a0f4dace6d5b96d437dd2b8fcc63d80f892a7d43420e17dcc,d4cd0bba67344e2a0f4dace6d5b96d437dd2b8fcc63d80f892a7d43420e17dcc,1
2023-07-20,3668fb1b78f5c59d85f7a2346317ffb28667948bf123e11cb9e6aa229544c00d,3668fb1b78f5c59d85f7a2346317ffb28667948bf123e11cb9e6aa229544c00d,1
2023-07-21,3668fb1b78f5c59d85f7a2346317ffb28667948bf123e11cb9e6aa229544c00d,3668fb1b78f5c59d85f7a2346317ffb28667948bf123e11cb9e6aa229544c00d,1
2023-07-22,3668fb1b78f5c59d85f7a2346317ffb28667948bf123e11cb9e6aa229544c00d,3668fb1b78f5c59d85f7a2346317ffb28667948bf123e11cb9e6aa229544c00d,1
2023-07-23,3668fb1b78f5c59d85f7a2346317ffb28667948bf123e11cb9e6aa229544c00d,3668fb1b78f5c59d85f7a2346317ffb28667948bf123e11cb9e6aa229544c00d,1
2023-07-24,3668fb1b78f5c59d85f7a2346317ffb28667948bf123e11cb9e6aa229544c00d,3668fb1b78f5c59d85f7a2346317ffb28667948bf123e11cb9e6aa229544c00d,1
2023-07-25,789cd57b8498d56392d0b1ad1999299a161e170eaf2f8cd03dab854b592c53dd,789cd57b8498d56392d0b1ad1999299a161e170eaf2f8cd03dab854b592c53dd,1
2023-07-26,8277e37193fbce39020132559ecd9f34cd1e167fa8503f5715a5332b43766ddc,8277e37193fbce39020132559ecd9f34cd1e167fa8503f5715a5332b43766ddc,1
2023-07-27,8afff2c18447d540ed47f52f7246d77f9b8a6bdb310c0ac6f488eebcb386529e,8afff2c18447d540ed47f52f7246d77f9b8a6bdb310c0ac6f488eebcb386529e,1
2023-07-28,8afff2c18447d540ed47f52f7246d77f9b8a6bdb310c0ac6f488eebcb386529e,8afff2c18447d540ed47f52f7246d77f9b8a6bdb310c0ac6f488eebcb386529e,1
2023-07-29,8afff2c18447d540ed47f52f7246d77f9b8a6bdb310c0ac6f488eebcb386529e,8afff2c18447d540ed47f52f7246d77f9b8a6bdb310c0ac6f488eebcb386529e,1
2023-07-30,8afff2c18447d540ed47f52f7246d77f9b8a6bdb310c0ac6f488eebcb386529e,8afff2c18447d540ed47f52f7246d77f9b8a6bdb310c0ac6f488eebcb386529e,1
2023-07-31,61969b10593feeb4554529c4ef4d274abe7cc8b5b3eeefa114f6b9f8a121e3a3,61969b10593feeb4554529c4ef4d274abe7cc8b5b3eeefa114f6b9f8a121e3a3,1
2023-08-01,61969b10593feeb4554529c4ef4d274abe7cc8b5b3eeefa114f6b9f8a121e3a3,61969b10593feeb4554529c4ef4d274abe7cc8b5b3eeefa114f6b9f8a121e3a3,1
2023-08-02,61969b10593feeb4554529c4ef4d274abe7cc8b5b3eeefa114f6b9f8a121e3a3,61969b10593feeb4554529c4ef4d274abe7cc8b5b3eeefa114f6b9f8a121e3a3,1
2023-08-03,418f7242795316047a8c9b542fb2069821adcf2d367746f67cc424d017823556,418f7242795316047a8c9b542fb2069821adcf2d367746f67cc424d017823556,1
2023-08-04,418f7242795316047a8c9b542fb2069821adcf2d367746f67cc424d017823556,418f7242795316047a8c9b542fb2069821adcf2d367746f67cc424d017823556,1
2023-08-05,418f7242795316047a8c9b542fb2069821adcf2d367746f67cc424d017823556,418f7242795316047a8c9b542fb2069821adcf2d367746f67cc424d017823556,1
2023-08-06,418f7242795316047a8c9b542fb2069821adcf2d367746f67cc424d017823556,418f7242795316047a8c9b542fb2069821adcf2d367746f67cc424d017823556,1
2023-08-07,8452bc1b2cd540bc2bd0a67cf78348d0b162e281b794714bf70b3c91a4d4d101,8452bc1b2cd540bc2bd0a67cf78348d0b162e281b794714bf70b3c91a4d4d101,1
2023-08-08,338a7f4ef1281fb8306b2e3129fb4c0d75dd11fb791e7ad027b55f6aa53eae51,338a7f4ef1281fb8306b2e3129fb4c0d75dd11fb791e7ad027b55f6aa53eae51,1
2023-08-09,3e7e5a9fdd1605ff8a5f2a163215f82f433a0e28fb79739e6f44c9d28cb1e0e5,3e7e5a9fdd1605ff8a5f2a163215f82f433a0e28fb79739e6f44c9d28cb1e0e5,1
2023-08-10,3e7e5a9fdd1605ff8a5f2a163215f82f433a0e28fb79739e6f44c9d28cb1e0e5,3e7e5a9fdd1605ff8a5f2a163215f82f433a0e28fb79739e6f44c9d28cb1e0e5,1
2023-08-11,3e7e5a9fdd1605ff8a5f2a163215f82f433a0e28fb79739e6f44c9d28cb1e0e5,3e7e5a9fdd1605ff8a5f2a163215f82f433a0e28fb79739e6f44c9d28cb1e0e5,1
2023-08-12,3e7e5a9fdd1605ff8a5f2a163215f82f433a0e28fb79739e6f44c9d28cb1e0e5,3e7e5a9fdd1605ff8a5f2a163215f82f433a0e28fb79739e6f44c9d28cb1e0e5,1
2023-08-13,3e7e5a9fdd1605ff8a5f2a163215f82f433a0e28fb79739e6f44c9d28cb1e0e5,3e7e5a9fdd1605ff8a5f2a163215f82f433a0e28fb79739e6f44c9d28cb1e0e5,1
2023-08-14,3e7e5a9fdd1605ff8a5f2a163215f82f433a0e28fb79739e6f44c9d28cb1e0e5,3e7e5a9fdd1605ff8a5f2a163215f82f433a0e28fb79739e6f44c9d28cb1e0e5,1
2023-08-15,3e7e5a9fdd1605ff8a5f2a163215f82f433a0e28fb79739e6f44c9d28cb1e0e5,3e7e5a9fdd1605ff8a5f2a163215f82f433a0e28fb79739e6f44c9d28cb1e0e5,1
2023-08-16,6aa2c14162614ac7c7f2536603df107e642290c7714d53609fe703bb491a3720,6aa2c14162614ac7c7f2536603df107e642290c7714d53609fe703bb491a3720,1
2023-08-17,6aa2c14162614ac7c7f2536603df107e642290c7714d53609fe703bb491a3720,6aa2c14162614ac7c7f2536603df107e642290c7714d53609fe703bb491a3720,1
2023-08-18,6aa2c14162614ac7c7f2536603df107e642290c7714d53609fe703bb491a3720,6aa2c14162614ac7c7f2536603df107e642290c7714d53609fe703bb491a3720,1
2023-08-19,6aa2c14162614ac7c7f2536603df107e642290c7714d53609fe703bb491a3720,6aa2c14162614ac7c7f2536603df107e642290c7714d53609fe703bb491a3720,1
2023-08-20,6aa2c14162614ac7c7f2536603df107e642290c7714d53609fe703bb491a3720,6aa2c14162614ac7c7f2536603df107e642290c7714d53609fe703bb491a3720,1
2023-08-21,ff148d86b8acfe735685e8e0a40d36a8f7e8ebc22ed554b5bf348523422caf46,ff148d86b8acfe735685e8e0a40d36a8f7e8ebc22ed554b5bf348523422caf46,1
2023-08-22,e03b1a48031aa195a0bcc0d26d52cb3d6570013d60ce5aaa15eccb4d6e6cbc4d,e03b1a48031aa195a0bcc0d26d52cb3d6570013d60ce5aaa15eccb4d6e6cbc4d,1
2023-08-23,e03b1a48031aa195a0bcc0d26d52cb3d6570013d60ce5aaa15eccb4d6e6cbc4d,e03b1a48031aa195a0bcc0d26d52cb3d6570013d60ce5aaa15eccb4d6e6cbc4d,1
2023-08-24,1e17ef24ae1b296a91333050b904bb928ae093e38018582843d11b8bfe92fa17,1e17ef24ae1b296a91333050b904bb928ae093e38018582843d11b8bfe92fa17,1
2023-08-25,1e17ef24ae1b296a91333050b904bb928ae093e38018582843d11b8bfe92fa17,1e17ef24ae1b296a91333050b904bb928ae093e38018582843d11b8bfe92fa17,1
2023-08-26,1e17ef24ae1b296a91333050b904bb928ae093e38018582843d11b8bfe92fa17,1e17ef24ae1b296a91333050b904bb928ae093e38018582843d11b8bfe92fa17,1
2023-08-27,1e17ef24ae1b296a91333050b904bb928ae093e38018582843d11b8bfe92fa17,1e17ef24ae1b296a91333050b904bb928ae093e38018582843d11b8bfe92fa17,1
2023-08-28,1e17ef24ae1b296a91333050b904bb928ae093e38018582843d11b8bfe92fa17,1e17ef24ae1b296a91333050b904bb928ae093e38018582843d11b8bfe92fa17,1
2023-08-29,1e17ef24ae1b296a91333050b904bb928ae093e38018582843d11b8bfe92fa17,1e17ef24ae1b296a91333050b904bb928ae093e38018582843d11b8bfe92fa17,1
2023-08-30,1e17ef24ae1b296a91333050b904bb928ae093e38018582843d11b8bfe92fa17,1e17ef24ae1b296a91333050b904bb928ae093e38018582843d11b8bfe92fa17,1
2023-08-31,1e17ef24ae1b296a91333050b904bb928ae093e38018582843d11b8bfe92fa17,1e17ef24ae1b296a91333050b904bb928ae093e38018582843d11b8bfe92fa17,1
2023-09-01,1e17ef24ae1b296a91333050b904bb928ae093e38018582843d11b8bfe92fa17,1e17ef24ae1b296a91333050b904bb928ae093e38018582843d11b8bfe92fa17,1
2023-09-02,1e17ef24ae1b296a91333050b904bb928ae093e38018582843d11b8bfe92fa17,1e17ef24ae1b296a91333050b904bb928ae093e38018582843d11b8bfe92fa17,1
2023-09-03,1e17ef24ae1b296a91333050b904bb928ae093e38018582843d11b8bfe92fa17,1e17ef24ae1b296a91333050b904bb928ae093e38018582843d11b8bfe92fa17,1
2023-09-04,1e17ef24ae1b296a91333050b904bb928ae093e38018582843d11b8bfe92fa17,1e17ef24ae1b296a91333050b904bb928ae093e38018582843d11b8bfe92fa17,1
2023-09-05,1e17ef24ae1b296a91333050b904bb928ae093e38018582843d11b8bfe92fa17,1e17ef24ae1b296a91333050b904bb928ae093e38018582843d11b8bfe92fa17,1
2023-09-06,a726d3159c35db2af315d24d0cd32ca8ac3a281e3778332c9d8f724f40223896,a726d3159c35db2af315d24d0cd32ca8ac3a281e3778332c9d8f724f40223896,1
2023-09-07,a726d3159c35db2af315d24d0cd32ca8ac3a281e3778332c9d8f724f40223896,a726d3159c35db2af315d24d0cd32ca8ac3a281e3778332c9d8f724f40223896,1
2023-09-08,a726d3159c35db2af315d24d0cd32ca8ac3a281e3778332c9d8f724f40223896,a726d3159c35db2af315d24d0cd32ca8ac3a281e3778332c9d8f724f40223896,1
2023-09-09,a726d3159c35db2af315d24d0cd32ca8ac3a281e3778332c9d8f724f40223896,a726d3159c35db2af315d24d0cd32ca8ac3a281e3778332c9d8f724f40223896,1
2023-09-10,a726d3159c35db2af315d24d0cd32ca8ac3a281e3778332c9d8f724f40223896,a726d3159c35db2af315d24d0cd32ca8ac3a281e3778332c9d8f724f40223896,1
2023-09-11,c0e98219b690918db5cd04270692646deb21d1c4aca87f08d6f478981463e06f,c0e98219b690918db5cd04270692646deb21d1c4aca87f08d6f478981463e06f,1
2023-09-12,d49d12e14b6e0623d0aee565011815b725939f7887cc0b6e7056bf0d18619fad,c0e98219b690918db5cd04270692646deb21d1c4aca87f08d6f478981463e06f,0
2023-09-13,777d940fbc346c63ab0d0eef1c94e92877c6703b8e1590ec73bdf92fc053f3c3,777d940fbc346c63ab0d0eef1c94e92877c6703b8e1590ec73bdf92fc053f3c3,1
2023-09-14,d898531fc288ccdba4be1c257f1e22ea80a67f8972a320a7b0e1c633aa89b169,d898531fc288ccdba4be1c257f1e22ea80a67f8972a320a7b0e1c633aa89b169,1
2023-09-15,d898531fc288ccdba4be1c257f1e22ea80a67f8972a320a7b0e1c633aa89b169,d898531fc288ccdba4be1c257f1e22ea80a67f8972a320a7b0e1c633aa89b169,1
2023-09-16,d898531fc288ccdba4be1c257f1e22ea80a67f8972a320a7b0e1c633aa89b169,d898531fc288ccdba4be1c257f1e22ea80a67f8972a320a7b0e1c633aa89b169,1
2023-09-17,d898531fc288ccdba4be1c257f1e22ea80a67f8972a320a7b0e1c633aa89b169,d898531fc288ccdba4be1c257f1e22ea80a67f8972a320a7b0e1c633aa89b169,1
2023-09-18,0992c930da1f2926943129bc1a5e0706a09b7633dedab758e440eafe407c3e9e,0992c930da1f2926943129bc1a5e0706a09b7633dedab758e440eafe407c3e9e,1
2023-09-19,833985a6f94705d1bf8a9c67e6c11f8b536da9fb17be604cc13cf15ab26ad73d,51017402bf28dbf1ea3b2924053f861c9b6517a16b0c964f262ed65822003927,0
2023-09-20,833985a6f94705d1bf8a9c67e6c11f8b536da9fb17be604cc13cf15ab26ad73d,833985a6f94705d1bf8a9c67e6c11f8b536da9fb17be604cc13cf15ab26ad73d,1
2023-09-21,a2b006a14fe3ae260a7773d78a2ba9c95e5f661466673afedba337106dee1c51,a2b006a14fe3ae260a7773d78a2ba9c95e5f661466673afedba337106dee1c51,1
2023-09-22,8887fafa249a262ff58d187af4eaff01f4f768e4ac75a787c24b504bf52fe511,a2b006a14fe3ae260a7773d78a2ba9c95e5f661466673afedba337106dee1c51,0
2023-09-23,8887fafa249a262ff58d187af4eaff01f4f768e4ac75a787c24b504bf52fe511,8887fafa249a262ff58d187af4eaff01f4f768e4ac75a787c24b504bf52fe511,1
2023-09-24,8887fafa249a262ff58d187af4eaff01f4f768e4ac75a787c24b504bf52fe511,8887fafa249a262ff58d187af4eaff01f4f768e4ac75a787c24b504bf52fe511,1
2023-09-25,e4bd7b2943b3fc4d60df07d3124a895e1662b9f34fbf2fb65605d91a3fae4b29,e4bd7b2943b3fc4d60df07d3124a895e1662b9f34fbf2fb65605d91a3fae4b29,1
2023-09-26,e4bd7b2943b3fc4d60df07d3124a895e1662b9f34fbf2fb65605d91a3fae4b29,e4bd7b2943b3fc4d60df07d3124a895e1662b9f34fbf2fb65605d91a3fae4b29,1
2023-09-27,e4bd7b2943b3fc4d60df07d3124a895e1662b9f34fbf2fb65605d91a3fae4b29,e4bd7b2943b3fc4d60df07d3124a895e1662b9f34fbf2fb65605d91a3fae4b29,1
2023-09-28,62fd64c94b8b5b63d99f81bc339b696596b9823eb7063f5ac645b6a60f224455,62fd64c94b8b5b63d99f81bc339b696596b9823eb7063f5ac645b6a60f224455,1
2023-09-29,62fd64c94b8b5b63d99f81bc339b696596b9823eb7063f5ac645b6a60f224455,62fd64c94b8b5b63d99f81bc339b696596b9823eb7063f5ac645b6a60f224455,1
2023-09-30,62fd64c94b8b5b63d99f81bc339b696596b9823eb7063f5ac645b6a60f224455,62fd64c94b8b5b63d99f81bc339b696596b9823eb7063f5ac645b6a60f224455,1
2023-10-01,62fd64c94b8b5b63d99f81bc339b696596b9823eb7063f5ac645b6a60f224455,62fd64c94b8b5b63d99f81bc339b696596b9823eb7063f5ac645b6a60f224455,1
2023-10-02,062cc5ef912ff59379b3b47ea47592536ce7d27736dcf94ed85350ceccdf3cd4,062cc5ef912ff59379b3b47ea47592536ce7d27736dcf94ed85350ceccdf3cd4,1
2023-10-03,fb23353e512fb533a23f36bf539ccd7de0d212c4e5d3755559a9153c08cfbcb1,fb23353e512fb533a23f36bf539ccd7de0d212c4e5d3755559a9153c08cfbcb1,1
2023-10-04,759babf3c34b2783186df4b7e2a6c9db94e2940cabac69299fbcde1b03156927,759babf3c34b2783186df4b7e2a6c9db94e2940cabac69299fbcde1b03156927,1
2023-10-05,b460a529a51e9bbccac1c7463df4baee0e14bbe2a26b2137b4572e0f6131244a,b460a529a51e9bbccac1c7463df4baee0e14bbe2a26b2137b4572e0f6131244a,1
2023-10-06,b460a529a51e9bbccac1c7463df4baee0e14bbe2a26b2137b4572e0f6131244a,b460a529a51e9bbccac1c7463df4baee0e14bbe2a26b2137b4572e0f6131244a,1
2023-10-07,b460a529a51e9bbccac1c7463df4baee0e14bbe2a26b2137b4572e0f6131244a,b460a529a51e9bbccac1c7463df4baee0e14bbe2a26b2137b4572e0f6131244a,1
2023-10-08,b460a529a51e9bbccac1c7463df4baee0e14bbe2a26b2137b4572e0f6131244a,b460a529a51e9bbccac1c7463df4baee0e14bbe2a26b2137b4572e0f6131244a,1
2023-10-09,b460a529a51e9bbccac1c7463df4baee0e14bbe2a26b2137b4572e0f6131244a,b460a529a51e9bbccac1c7463df4baee0e14bbe2a26b2137b4572e0f6131244a,1
2023-10-10,93c824bb5cce4f39f799144a9f97c83efe21dd36041435d65f303c99b546e10f,b460a529a51e9bbccac1c7463df4baee0e14bbe2a26b2137b4572e0f6131244a,0
2023-10-11,93c824bb5cce4f39f799144a9f97c83efe21dd36041435d65f303c99b546e10f,93c824bb5cce4f39f799144a9f97c83efe21dd36041435d65f303c99b546e10f,1
2023-10-12,3a57665336cfb4f9ee7644c90f4ea4498dd9b6039474994d6281f13ded29d934,3a57665336cfb4f9ee7644c90f4ea4498dd9b6039474994d6281f13ded29d934,1
2023-10-13,3a57665336cfb4f9ee7644c90f4ea4498dd9b6039474994d6281f13ded29d934,3a57665336cfb4f9ee7644c90f4ea4498dd9b6039474994d6281f13ded29d934,1
2023-10-14,3a57665336cfb4f9ee7644c90f4ea4498dd9b6039474994d6281f13ded29d934,3a57665336cfb4f9ee7644c90f4ea4498dd9b6039474994d6281f13ded29d934,1
2023-10-15,3a57665336cfb4f9ee7644c90f4ea4498dd9b6039474994d6281f13ded29d934,3a57665336cfb4f9ee7644c90f4ea4498dd9b6039474994d6281f13ded29d934,1
2023-10-16,880c188e7d6e611f02becc14d90061e8a7c4a86e3a077161cf59a595245a601a,3a57665336cfb4f9ee7644c90f4ea4498dd9b6039474994d6281f13ded29d934,0
2023-10-17,880c188e7d6e611f02becc14d90061e8a7c4a86e3a077161cf59a595245a601a,880c188e7d6e611f02becc14d90061e8a7c4a86e3a077161cf59a595245a601a,1
2023-10-18,3e9d5433dd852ca10f2f38a2e9e3f42d1992f474f8a5d06241225ae492609132,3e9d5433dd852ca10f2f38a2e9e3f42d1992f474f8a5d06241225ae492609132,1
2023-10-19,a8159ff3fff9170d1d21c977e26377147c3dfbc9a5ad18a909f2914a5afa6d32,a8159ff3fff9170d1d21c977e26377147c3dfbc9a5ad18a909f2914a5afa6d32,1
2023-10-20,3191b10b0bd76602e859ea8ce44ee22bcc97fb21a978fc5fcc58d161817d5c30,3191b10b0bd76602e859ea8ce44ee22bcc97fb21a978fc5fcc58d161817d5c30,1
2023-10-21,3191b10b0bd76602e859ea8ce44ee22bcc97fb21a978fc5fcc58d161817d5c30,3191b10b0bd76602e859ea8ce44ee22bcc97fb21a978fc5fcc58d161817d5c30,1
2023-10-22,3191b10b0bd76602e859ea8ce44ee22bcc97fb21a978fc5fcc58d161817d5c30,3191b10b0bd76602e859ea8ce44ee22bcc97fb21a978fc5fcc58d161817d5c30,1
2023-10-23,06f81fb75bc1d3a03c20f2b19a92bf27c29d6af6c8ae5c19b862babb6e626002,3191b10b0bd76602e859ea8ce44ee22bcc97fb21a978fc5fcc58d161817d5c30,0
2023-10-24,23cefed5c393bd8ef43dfacb24ac96a04eb81051b368efad1c2f582db3ca6d75,23cefed5c393bd8ef43dfacb24ac96a04eb81051b368efad1c2f582db3ca6d75,1
2023-10-25,23cefed5c393bd8ef43dfacb24ac96a04eb81051b368efad1c2f582db3ca6d75,23cefed5c393bd8ef43dfacb24ac96a04eb81051b368efad1c2f582db3ca6d75,1
2023-10-26,e8d9cc0b9e7ecbe412d706e559ba528d7fa9b6c65478e439eced8da3670bd67f,e8d9cc0b9e7ecbe412d706e559ba528d7fa9b6c65478e439eced8da3670bd67f,1
2023-10-27,e8d9cc0b9e7ecbe412d706e559ba528d7fa9b6c65478e439eced8da3670bd67f,e8d9cc0b9e7ecbe412d706e559ba528d7fa9b6c65478e439eced8da3670bd67f,1
2023-10-28,e8d9cc0b9e7ecbe412d706e559ba528d7fa9b6c65478e439eced8da3670bd67f,e8d9cc0b9e7ecbe412d706e559ba528d7fa9b6c65478e439eced8da3670bd67f,1
2023-10-29,e8d9cc0b9e7ecbe412d706e559ba528d7fa9b6c65478e439eced8da3670bd67f,e8d9cc0b9e7ecbe412d706e559ba528d7fa9b6c65478e439eced8da3670bd67f,1
2023-10-30,e8d9cc0b9e7ecbe412d706e559ba528d7fa9b6c65478e439eced8da3670bd67f,e8d9cc0b9e7ecbe412d706e559ba528d7fa9b6c65478e439eced8da3670bd67f,1
2023-10-31,2e9b9675c36e22cfbba0709943c29eaf6c07524e1fca84a2b5864554af2572c1,e8d9cc0b9e7ecbe412d706e559ba528d7fa9b6c65478e439eced8da3670bd67f,0
2023-11-01,2e9b9675c36e22cfbba0709943c29eaf6c07524e1fca84a2b5864554af2572c1,2e9b9675c36e22cfbba0709943c29eaf6c07524e1fca84a2b5864554af2572c1,1
2023-11-02,4f061b1695b2730badf430ac8faa0749abf18bd8b3424082e85e642d6f3eaf70,4f061b1695b2730badf430ac8faa0749abf18bd8b3424082e85e642d6f3eaf70,1
2023-11-03,4f061b1695b2730badf430ac8faa0749abf18bd8b3424082e85e642d6f3eaf70,4f061b1695b2730badf430ac8faa0749abf18bd8b3424082e85e642d6f3eaf70,1
2023-11-04,4f061b1695b2730badf430ac8faa0749abf18bd8b3424082e85e642d6f3eaf70,4f061b1695b2730badf430ac8faa0749abf18bd8b3424082e85e642d6f3eaf70,1
2023-11-05,4f061b1695b2730badf430ac8faa0749abf18bd8b3424082e85e642d6f3eaf70,4f061b1695b2730badf430ac8faa0749abf18bd8b3424082e85e642d6f3eaf70,1
2023-11-06,0c7afe2a04813aa1e33007648b94527f25b17b3f2c4da29d53bc252bda9a11ef,4f061b1695b2730badf430ac8faa0749abf18bd8b3424082e85e642d6f3eaf70,0
2023-11-07,73964092aaa3c9a6aceb44b46e0c7871faa2ac65b21dd7476ad41587d5c9db0f,73964092aaa3c9a6aceb44b46e0c7871faa2ac65b21dd7476ad41587d5c9db0f,1
2023-11-08,db0d8d789c37074b01949cfac62cf7c0a995007e93b8f8bb15cd34c6e11416c6,db0d8d789c37074b01949cfac62cf7c0a995007e93b8f8bb15cd34c6e11416c6,1
2023-11-09,db0d8d789c37074b01949cfac62cf7c0a995007e93b8f8bb15cd34c6e11416c6,db0d8d789c37074b01949cfac62cf7c0a995007e93b8f8bb15cd34c6e11416c6,1
2023-11-10,db0d8d789c37074b01949cfac62cf7c0a995007e93b8f8bb15cd34c6e11416c6,db0d8d789c37074b01949cfac62cf7c0a995007e93b8f8bb15cd34c6e11416c6,1
2023-11-11,db0d8d789c37074b01949cfac62cf7c0a995007e93b8f8bb15cd34c6e11416c6,db0d8d789c37074b01949cfac62cf7c0a995007e93b8f8bb15cd34c6e11416c6,1
2023-11-12,db0d8d789c37074b01949cfac62cf7c0a995007e93b8f8bb15cd34c6e11416c6,db0d8d789c37074b01949cfac62cf7c0a995007e93b8f8bb15cd34c6e11416c6,1
2023-11-13,3f37a0c1ca63d239d810b69125cd2c88e70d89f7b8c58dd48b01fe07e3af8234,3f37a0c1ca63d239d810b69125cd2c88e70d89f7b8c58dd48b01fe07e3af8234,1
2023-11-14,5f9f8af298b68000c1dd4ac3ef6050567296d201921f733addf36415c515794b,3f37a0c1ca63d239d810b69125cd2c88e70d89f7b8c58dd48b01fe07e3af8234,0
2023-11-15,5f9f8af298b68000c1dd4ac3ef6050567296d201921f733addf36415c515794b,5f9f8af298b68000c1dd4ac3ef6050567296d201921f733addf36415c515794b,1
2023-11-16,e989d60f64ca9841a172192f4fc7c407ed45f3e8c12c4b0d67d91b8c4050ff47,e989d60f64ca9841a172192f4fc7c407ed45f3e8c12c4b0d67d91b8c4050ff47,1
2023-11-17,e989d60f64ca9841a172192f4fc7c407ed45f3e8c12c4b0d67d91b8c4050ff47,e989d60f64ca9841a172192f4fc7c407ed45f3e8c12c4b0d67d91b8c4050ff47,1
2023-11-18,e989d60f64ca9841a172192f4fc7c407ed45f3e8c12c4b0d67d91b8c4050ff47,e989d60f64ca9841a172192f4fc7c407ed45f3e8c12c4b0d67d91b8c4050ff47,1
2023-11-19,e989d60f64ca9841a172192f4fc7c407ed45f3e8c12c4b0d67d91b8c4050ff47,e989d60f64ca9841a172192f4fc7c407ed45f3e8c12c4b0d67d91b8c4050ff47,1
2023-11-20,e989d60f64ca9841a172192f4fc7c407ed45f3e8c12c4b0d67d91b8c4050ff47,e989d60f64ca9841a172192f4fc7c407ed45f3e8c12c4b0d67d91b8c4050ff47,1
2023-11-21,4db871af9bddc4c5fe18e8fe2ab8e84bb2905c2cf77244aa5c66475dc49f0169,4db871af9bddc4c5fe18e8fe2ab8e84bb2905c2cf77244aa5c66475dc49f0169,1
2023-11-22,4db871af9bddc4c5fe18e8fe2ab8e84bb2905c2cf77244aa5c66475dc49f0169,4db871af9bddc4c5fe18e8fe2ab8e84bb2905c2cf77244aa5c66475dc49f0169,1
2023-11-23,4db871af9bddc4c5fe18e8fe2ab8e84bb2905c2cf77244aa5c66475dc49f0169,4db871af9bddc4c5fe18e8fe2ab8e84bb2905c2cf77244aa5c66475dc49f0169,1
2023-11-24,4db871af9bddc4c5fe18e8fe2ab8e84bb2905c2cf77244aa5c66475dc49f0169,4db871af9bddc4c5fe18e8fe2ab8e84bb2905c2cf77244aa5c66475dc49f0169,1
2023-11-25,4db871af9bddc4c5fe18e8fe2ab8e84bb2905c2cf77244aa5c66475dc49f0169,4db871af9bddc4c5fe18e8fe2ab8e84bb2905c2cf77244aa5c66475dc49f0169,1
2023-11-26,4db871af9bddc4c5fe18e8fe2ab8e84bb2905c2cf77244aa5c66475dc49f0169,4db871af9bddc4c5fe18e8fe2ab8e84bb2905c2cf77244aa5c66475dc49f0169,1
2023-11-27,4db871af9bddc4c5fe18e8fe2ab8e84bb2905c2cf77244aa5c66475dc49f0169,4db871af9bddc4c5fe18e8fe2ab8e84bb2905c2cf77244aa5c66475dc49f0169,1
2023-11-28,4db871af9bddc4c5fe18e8fe2ab8e84bb2905c2cf77244aa5c66475dc49f0169,4db871af9bddc4c5fe18e8fe2ab8e84bb2905c2cf77244aa5c66475dc49f0169,1
2023-11-29,4db871af9bddc4c5fe18e8fe2ab8e84bb2905c2cf77244aa5c66475dc49f0169,4db871af9bddc4c5fe18e8fe2ab8e84bb2905c2cf77244aa5c66475dc49f0169,1
2023-11-30,8999973b005c1315349aa376e70ba34ba726a200576a3b57724594133618d2ea,8999973b005c1315349aa376e70ba34ba726a200576a3b57724594133618d2ea,1
2023-12-01,0a90261cdb03729b079b200203c37292baaef406d3c7ae69aa82861c83c1114c,0a90261cdb03729b079b200203c37292baaef406d3c7ae69aa82861c83c1114c,1
2023-12-02,0a90261cdb03729b079b200203c37292baaef406d3c7ae69aa82861c83c1114c,0a90261cdb03729b079b200203c37292baaef406d3c7ae69aa82861c83c1114c,1
2023-12-03,0a90261cdb03729b079b200203c37292baaef406d3c7ae69aa82861c83c1114c,0a90261cdb03729b079b200203c37292baaef406d3c7ae69aa82861c83c1114c,1
2023-12-04,f4880c28b8acd7723ad5b9fb1fb15fc62c9756634496ec91c4a1b098a892e50c,f4880c28b8acd7723ad5b9fb1fb15fc62c9756634496ec91c4a1b098a892e50c,1
2023-12-05,5dea1802a1d23cb11324b724994ed0101c63bf35f88c750a1553ea7e60458364,5dea1802a1d23cb11324b724994ed0101c63bf35f88c750a1553ea7e60458364,1
2023-12-06,5dea1802a1d23cb11324b724994ed0101c63bf35f88c750a1553ea7e60458364,5dea1802a1d23cb11324b724994ed0101c63bf35f88c750a1553ea7e60458364,1
2023-12-07,939b4d30c85f2484b0627d1995a6a847caddb7d00885c5173bafecbef2520b73,939b4d30c85f2484b0627d1995a6a847caddb7d00885c5173bafecbef2520b73,1
2023-12-08,939b4d30c85f2484b0627d1995a6a847caddb7d00885c5173bafecbef2520b73,939b4d30c85f2484b0627d1995a6a847caddb7d00885c5173bafecbef2520b73,1
2023-12-09,939b4d30c85f2484b0627d1995a6a847caddb7d00885c5173bafecbef2520b73,939b4d30c85f2484b0627d1995a6a847caddb7d00885c5173bafecbef2520b73,1
2023-12-10,939b4d30c85f2484b0627d1995a6a847caddb7d00885c5173bafecbef2520b73,939b4d30c85f2484b0627d1995a6a847caddb7d00885c5173bafecbef2520b73,1
2023-12-11,f7cf7876366f9537951f0850e69971d8293c95571151b92f9a973c1340fc0f7e,dcb6bf28037c461e794a3830cf3d20db7eecae6669c2080b3e93c93703ad31a1,0
2023-12-12,f7cf7876366f9537951f0850e69971d8293c95571151b92f9a973c1340fc0f7e,f7cf7876366f9537951f0850e69971d8293c95571151b92f9a973c1340fc0f7e,1
2023-12-13,c14c60cf18f4a6b05d3dc352203b76f6b5eb912656ddc8181dfeb8bffb1ca9dc,c14c60cf18f4a6b05d3dc352203b76f6b5eb912656ddc8181dfeb8bffb1ca9dc,1
2023-12-14,c14c60cf18f4a6b05d3dc352203b76f6b5eb912656ddc8181dfeb8bffb1ca9dc,c14c60cf18f4a6b05d3dc352203b76f6b5eb912656ddc8181dfeb8bffb1ca9dc,1
2023-12-15,c14c60cf18f4a6b05d3dc352203b76f6b5eb912656ddc8181dfeb8bffb1ca9dc,c14c60cf18f4a6b05d3dc352203b76f6b5eb912656ddc8181dfeb8bffb1ca9dc,1
2023-12-16,c14c60cf18f4a6b05d3dc352203b76f6b5eb912656ddc8181dfeb8bffb1ca9dc,c14c60cf18f4a6b05d3dc352203b76f6b5eb912656ddc8181dfeb8bffb1ca9dc,1
2023-12-17,c14c60cf18f4a6b05d3dc352203b76f6b5eb912656ddc8181dfeb8bffb1ca9dc,c14c60cf18f4a6b05d3dc352203b76f6b5eb912656ddc8181dfeb8bffb1ca9dc,1
2023-12-18,c14c60cf18f4a6b05d3dc352203b76f6b5eb912656ddc8181dfeb8bffb1ca9dc,c14c60cf18f4a6b05d3dc352203b76f6b5eb912656ddc8181dfeb8bffb1ca9dc,1
2023-12-19,f4a4c7965c1dd69d7bbc0454d19d28b0cd104862c285bcb38039ee057aecb90f,f4a4c7965c1dd69d7bbc0454d19d28b0cd104862c285bcb38039ee057aecb90f,1
2023-12-20,f4a4c7965c1dd69d7bbc0454d19d28b0cd104862c285bcb38039ee057aecb90f,f4a4c7965c1dd69d7bbc0454d19d28b0cd104862c285bcb38039ee057aecb90f,1
2023-12-21,1326b28441af95f28ca47ff0c87c496fb239d826729e4c5b9eae36bfff72bc8a,1326b28441af95f28ca47ff0c87c496fb239d826729e4c5b9eae36bfff72bc8a,1
2023-12-22,1326b28441af95f28ca47ff0c87c496fb239d826729e4c5b9eae36bfff72bc8a,1326b28441af95f28ca47ff0c87c496fb239d826729e4c5b9eae36bfff72bc8a,1
2023-12-23,1326b28441af95f28ca47ff0c87c496fb239d826729e4c5b9eae36bfff72bc8a,1326b28441af95f28ca47ff0c87c496fb239d826729e4c5b9eae36bfff72bc8a,1
2023-12-24,1326b28441af95f28ca47ff0c87c496fb239d826729e4c5b9eae36bfff72bc8a,1326b28441af95f28ca47ff0c87c496fb239d826729e4c5b9eae36bfff72bc8a,1
2023-12-25,1326b28441af95f28ca47ff0c87c496fb239d826729e4c5b9eae36bfff72bc8a,1326b28441af95f28ca47ff0c87c496fb239d826729e4c5b9eae36bfff72bc8a,1
2023-12-26,1326b28441af95f28ca47ff0c87c496fb239d826729e4c5b9eae36bfff72bc8a,1326b28441af95f28ca47ff0c87c496fb239d826729e4c5b9eae36bfff72bc8a,1
2023-12-27,1326b28441af95f28ca47ff0c87c496fb239d826729e4c5b9eae36bfff72bc8a,1326b28441af95f28ca47ff0c87c496fb239d826729e4c5b9eae36bfff72bc8a,1
2023-12-28,1326b28441af95f28ca47ff0c87c496fb239d826729e4c5b9eae36bfff72bc8a,1326b28441af95f28ca47ff0c87c496fb239d826729e4c5b9eae36bfff72bc8a,1
2023-12-29,1326b28441af95f28ca47ff0c87c496fb239d826729e4c5b9eae36bfff72bc8a,1326b28441af95f28ca47ff0c87c496fb239d826729e4c5b9eae36bfff72bc8a,1
2023-12-30,1326b28441af95f28ca47ff0c87c496fb239d826729e4c5b9eae36bfff72bc8a,1326b28441af95f28ca47ff0c87c496fb239d826729e4c5b9eae36bfff72bc8a,1
2023-12-31,1326b28441af95f28ca47ff0c87c496fb239d826729e4c5b9eae36bfff72bc8a,1326b28441af95f28ca47ff0c87c496fb239d826729e4c5b9eae36bfff72bc8a,1
2024-01-01,1326b28441af95f28ca47ff0c87c496fb239d826729e4c5b9eae36bfff72bc8a,1326b28441af95f28ca47ff0c87c496fb239d826729e4c5b9eae36bfff72bc8a,1
2024-01-02,ecc80272a136c23411f4c01e4bbb8b2281d9433f49649a0d05f4a601f470a188,1326b28441af95f28ca47ff0c87c496fb239d826729e4c5b9eae36bfff72bc8a,0
2024-01-03,ecc80272a136c23411f4c01e4bbb8b2281d9433f49649a0d05f4a601f470a188,ecc80272a136c23411f4c01e4bbb8b2281d9433f49649a0d05f4a601f470a188,1
2024-01-04,ecc80272a136c23411f4c01e4bbb8b2281d9433f49649a0d05f4a601f470a188,ecc80272a136c23411f4c01e4bbb8b2281d9433f49649a0d05f4a601f470a188,1
2024-01-05,ecc80272a136c23411f4c01e4bbb8b2281d9433f49649a0d05f4a601f470a188,ecc80272a136c23411f4c01e4bbb8b2281d9433f49649a0d05f4a601f470a188,1
2024-01-06,ecc80272a136c23411f4c01e4bbb8b2281d9433f49649a0d05f4a601f470a188,ecc80272a136c23411f4c01e4bbb8b2281d9433f49649a0d05f4a601f470a188,1
2024-01-07,ecc80272a136c23411f4c01e4bbb8b2281d9433f49649a0d05f4a601f470a188,ecc80272a136c23411f4c01e4bbb8b2281d9433f49649a0d05f4a601f470a188,1
2024-01-08,d17cfd093cb34e892686fce0acaf9507bb456a9bd0d77b41bbaa487f05788499,d17cfd093cb34e892686fce0acaf9507bb456a9bd0d77b41bbaa487f05788499,1
2024-01-09,d17cfd093cb34e892686fce0acaf9507bb456a9bd0d77b41bbaa487f05788499,d17cfd093cb34e892686fce0acaf9507bb456a9bd0d77b41bbaa487f05788499,1
2024-01-10,9b358740734bbda1ab65400b94ab4ab6d30c9db5b91ac2c73e970c9302cd13f2,c5904360a07e301175637e965e4b11f3f29fb20e1c9ce8224bf50256011395f4,0
2024-01-11,08d5b598bdc77f6575bfeb04ca9f1194db47b311eea3c07f17d5e511ab8ec433,08d5b598bdc77f6575bfeb04ca9f1194db47b311eea3c07f17d5e511ab8ec433,1
2024-01-12,08d5b598bdc77f6575bfeb04ca9f1194db47b311eea3c07f17d5e511ab8ec433,08d5b598bdc77f6575bfeb04ca9f1194db47b311eea3c07f17d5e511ab8ec433,1
2024-01-13,08d5b598bdc77f6575bfeb04ca9f1194db47b311eea3c07f17d5e511ab8ec433,08d5b598bdc77f6575bfeb04ca9f1194db47b311eea3c07f17d5e511ab8ec433,1
2024-01-14,08d5b598bdc77f6575bfeb04ca9f1194db47b311eea3c07f17d5e511ab8ec433,08d5b598bdc77f6575bfeb04ca9f1194db47b311eea3c07f17d5e511ab8ec433,1
2024-01-15,08d5b598bdc77f6575bfeb04ca9f1194db47b311eea3c07f17d5e511ab8ec433,08d5b598bdc77f6575bfeb04ca9f1194db47b311eea3c07f17d5e511ab8ec433,1
2024-01-16,54419e44972985b0552e1d786b3691c5beb53864ca54839c5c33a4f471437f94,54419e44972985b0552e1d786b3691c5beb53864ca54839c5c33a4f471437f94,1
2024-01-17,06b665b67fdc0627ac2a98ab744e3496fa811e51baa9bdaca99c2775ba20cd27,9fff638d57e3a567090e5b1c6f2cb572ff252e04c8b6bac856d696013894f43d,0
2024-01-18,704c6ba8eeaa25969119f220f424d5d208902251860964be3af4bfa8259369b4,06b665b67fdc0627ac2a98ab744e3496fa811e51baa9bdaca99c2775ba20cd27,0
2024-01-19,704c6ba8eeaa25969119f220f424d5d208902251860964be3af4bfa8259369b4,704c6ba8eeaa25969119f220f424d5d208902251860964be3af4bfa8259369b4,1
2024-01-20,704c6ba8eeaa25969119f220f424d5d208902251860964be3af4bfa8259369b4,704c6ba8eeaa25969119f220f424d5d208902251860964be3af4bfa8259369b4,1
2024-01-21,704c6ba8eeaa25969119f220f424d5d208902251860964be3af4bfa8259369b4,704c6ba8eeaa25969119f220f424d5d208902251860964be3af4bfa8259369b4,1
2024-01-22,7597e71191e396517f18fb12b8c9e43aec1a663eac6cd26825d7b9d972d8d7ef,7597e71191e396517f18fb12b8c9e43aec1a663eac6cd26825d7b9d972d8d7ef,1
2024-01-23,4e18e1ec00229e0e88498c7a0a719103f5d205f1e122b49c5f018e0b6c55252f,4e18e1ec00229e0e88498c7a0a719103f5d205f1e122b49c5f018e0b6c55252f,1
2024-01-24,f2d37f28508d628dc43b4dc3d0821a6c313104a860be172d71eac325461b607a,f2d37f28508d628dc43b4dc3d0821a6c313104a860be172d71eac325461b607a,1
2024-01-25,f2d37f28508d628dc43b4dc3d0821a6c313104a860be172d71eac325461b607a,f2d37f28508d628dc43b4dc3d0821a6c313104a860be172d71eac325461b607a,1
2024-01-26,f2d37f28508d628dc43b4dc3d0821a6c313104a860be172d71eac325461b607a,f2d37f28508d628dc43b4dc3d0821a6c313104a860be172d71eac325461b607a,1
2024-01-27,f2d37f28508d628dc43b4dc3d0821a6c313104a860be172d71eac325461b607a,f2d37f28508d628dc43b4dc3d0821a6c313104a860be172d71eac325461b607a,1
2024-01-28,f2d37f28508d628dc43b4dc3d0821a6c313104a860be172d71eac325461b607a,f2d37f28508d628dc43b4dc3d0821a6c313104a860be172d71eac325461b607a,1
2024-01-29,3b678c5b81ccc851ad43ecda3465193484ce6fde8bd38c8683d42ae2dd59389e,b05f0d0b1d7cf7518e790386f1a17def515912ecc693a08a4ec5a97ff5fd2f3d,0
2024-01-30,3b678c5b81ccc851ad43ecda3465193484ce6fde8bd38c8683d42ae2dd59389e,3b678c5b81ccc851ad43ecda3465193484ce6fde8bd38c8683d42ae2dd59389e,1
2024-01-31,06320c00eae955b55585ddadc2bd2563ee0ded2d8cbb3853bc812af8a668817c,c66590d7f177a210a9bbc610efafd63ae3a58b74d20d607029f3aba44ab42d13,0
2024-02-01,06320c00eae955b55585ddadc2bd2563ee0ded2d8cbb3853bc812af8a668817c,06320c00eae955b55585ddadc2bd2563ee0ded2d8cbb3853bc812af8a668817c,1
2024-02-02,06320c00eae955b55585ddadc2bd2563ee0ded2d8cbb3853bc812af8a668817c,06320c00eae955b55585ddadc2bd2563ee0ded2d8cbb3853bc812af8a668817c,1
2024-02-03,06320c00eae955b55585ddadc2bd2563ee0ded2d8cbb3853bc812af8a668817c,06320c00eae955b55585ddadc2bd2563ee0ded2d8cbb3853bc812af8a668817c,1
2024-02-04,06320c00eae955b55585ddadc2bd2563ee0ded2d8cbb3853bc812af8a668817c,06320c00eae955b55585ddadc2bd2563ee0ded2d8cbb3853bc812af8a668817c,1
2024-02-05,06320c00eae955b55585ddadc2bd2563ee0ded2d8cbb3853bc812af8a668817c,06320c00eae955b55585ddadc2bd2563ee0ded2d8cbb3853bc812af8a668817c,1
2024-02-06,56246bf63dd827e7cc562ca845ff78005d5bbbffae1cf285430647197947e606,56246bf63dd827e7cc562ca845ff78005d5bbbffae1cf285430647197947e606,1
2024-02-07,56246bf63dd827e7cc562ca845ff78005d5bbbffae1cf285430647197947e606,56246bf63dd827e7cc562ca845ff78005d5bbbffae1cf285430647197947e606,1
2024-02-08,56246bf63dd827e7cc562ca845ff78005d5bbbffae1cf285430647197947e606,56246bf63dd827e7cc562ca845ff78005d5bbbffae1cf285430647197947e606,1
2024-02-09,c587415b41c88ab28b1236d70087468ff489e8537483d99ec6c31bd7dab12462,56246bf63dd827e7cc562ca845ff78005d5bbbffae1cf285430647197947e606,0
2024-02-10,c587415b41c88ab28b1236d70087468ff489e8537483d99ec6c31bd7dab12462,c587415b41c88ab28b1236d70087468ff489e8537483d99ec6c31bd7dab12462,1
2024-02-11,c587415b41c88ab28b1236d70087468ff489e8537483d99ec6c31bd7dab12462,c587415b41c88ab28b1236d70087468ff489e8537483d99ec6c31bd7dab12462,1
2024-02-12,6a367e25bffe3687c636cd2308a1f0ae5b4cf08906cb9a791fdce05012924a67,6a367e25bffe3687c636cd2308a1f0ae5b4cf08906cb9a791fdce05012924a67,1
2024-02-13,b5843727f675b957e8039e648042b1c61de023f80a97d9daaddc97eb38a42f38,6a367e25bffe3687c636cd2308a1f0ae5b4cf08906cb9a791fdce05012924a67,0
2024-02-14,a31a15529f32c867ee5de3e6c007f4c0361f45ed04b1b4678e93ef0bac0b5e62,c4bf831cede33497caf7e4c275d0c1dd59b2ffbe68a070180b77cc91283b2f32,0
2024-02-15,81adbda5ed7c3442627d03f8ca6350c4d9975b256340adb18771bda4786601cb,a31a15529f32c867ee5de3e6c007f4c0361f45ed04b1b4678e93ef0bac0b5e62,0
2024-02-16,443a9bde7c558173cf792034b4601dc2a50855740e03334092d4d75926906ba9,81adbda5ed7c3442627d03f8ca6350c4d9975b256340adb18771bda4786601cb,0
2024-02-17,443a9bde7c558173cf792034b4601dc2a50855740e03334092d4d75926906ba9,443a9bde7c558173cf792034b4601dc2a50855740e03334092d4d75926906ba9,1
2024-02-18,443a9bde7c558173cf792034b4601dc2a50855740e03334092d4d75926906ba9,443a9bde7c558173cf792034b4601dc2a50855740e03334092d4d75926906ba9,1
2024-02-19,443a9bde7c558173cf792034b4601dc2a50855740e03334092d4d75926906ba9,443a9bde7c558173cf792034b4601dc2a50855740e03334092d4d75926906ba9,1
2024-02-20,443a9bde7c558173cf792034b4601dc2a50855740e03334092d4d75926906ba9,443a9bde7c558173cf792034b4601dc2a50855740e03334092d4d75926906ba9,1
2024-02-21,443a9bde7c558173cf792034b4601dc2a50855740e03334092d4d75926906ba9,443a9bde7c558173cf792034b4601dc2a50855740e03334092d4d75926906ba9,1
2024-02-22,696bfa51bb23e0e96fb9dd606f38f0598ced8bd5a07192c90c8904284c645074,bd84deefb9bb2534478b4eee76c449f424a94d0128a6992ada68526e9f5383b8,0
2024-02-23,696bfa51bb23e0e96fb9dd606f38f0598ced8bd5a07192c90c8904284c645074,696bfa51bb23e0e96fb9dd606f38f0598ced8bd5a07192c90c8904284c645074,1
2024-02-24,696bfa51bb23e0e96fb9dd606f38f0598ced8bd5a07192c90c8904284c645074,696bfa51bb23e0e96fb9dd606f38f0598ced8bd5a07192c90c8904284c645074,1
2024-02-25,696bfa51bb23e0e96fb9dd606f38f0598ced8bd5a07192c90c8904284c645074,696bfa51bb23e0e96fb9dd606f38f0598ced8bd5a07192c90c8904284c645074,1
2024-02-26,e92cbf600030b6cf0d9434f2aa8b18dfac2cfc0883e5988826974312495ae18f,e92cbf600030b6cf0d9434f2aa8b18dfac2cfc0883e5988826974312495ae18f,1
2024-02-27,e92cbf600030b6cf0d9434f2aa8b18dfac2cfc0883e5988826974312495ae18f,e92cbf600030b6cf0d9434f2aa8b18dfac2cfc0883e5988826974312495ae18f,1
2024-02-28,e92cbf600030b6cf0d9434f2aa8b18dfac2cfc0883e5988826974312495ae18f,e92cbf600030b6cf0d9434f2aa8b18dfac2cfc0883e5988826974312495ae18f,1
2024-02-29,dc64a7fdeb64b7f104f0d4b26b1f74fb2ba23f305c53403ce0d4ddf47db3f04e,dc64a7fdeb64b7f104f0d4b26b1f74fb2ba23f305c53403ce0d4ddf47db3f04e,1
2024-03-01,dc64a7fdeb64b7f104f0d4b26b1f74fb2ba23f305c53403ce0d4ddf47db3f04e,dc64a7fdeb64b7f104f0d4b26b1f74fb2ba23f305c53403ce0d4ddf47db3f04e,1
2024-03-02,dc64a7fdeb64b7f104f0d4b26b1f74fb2ba23f305c53403ce0d4ddf47db3f04e,dc64a7fdeb64b7f104f0d4b26b1f74fb2ba23f305c53403ce0d4ddf47db3f04e,1
2024-03-03,dc64a7fdeb64b7f104f0d4b26b1f74fb2ba23f305c53403ce0d4ddf47db3f04e,dc64a7fdeb64b7f104f0d4b26b1f74fb2ba23f305c53403ce0d4ddf47db3f04e,1
2024-03-04,571c3a42e7447638677ee144dfc765d29d952f9f01858f527df31b268184298e,571c3a42e7447638677ee144dfc765d29d952f9f01858f527df31b268184298e,1
2024-03-05,3f48a45eb25d90fcd8930842517075aaccc2b874a0e87ba0163900fd647ff984,3f48a45eb25d90fcd8930842517075aaccc2b874a0e87ba0163900fd647ff984,1
2024-03-06,c81141d4f437c6f4350fbd1baa63f9a7af5029ff57769fd4aa754cc0a6577bde,c81141d4f437c6f4350fbd1baa63f9a7af5029ff57769fd4aa754cc0a6577bde,1
2024-03-07,21ff60692cc88937c0d08f42e59ea6d838fc1bd333ca28e4a88248cee2028144,c81141d4f437c6f4350fbd1baa63f9a7af5029ff57769fd4aa754cc0a6577bde,0
2024-03-08,21ff60692cc88937c0d08f42e59ea6d838fc1bd333ca28e4a88248cee2028144,21ff60692cc88937c0d08f42e59ea6d838fc1bd333ca28e4a88248cee2028144,1
2024-03-09,21ff60692cc88937c0d08f42e59ea6d838fc1bd333ca28e4a88248cee2028144,21ff60692cc88937c0d08f42e59ea6d838fc1bd333ca28e4a88248cee2028144,1
2024-03-10,21ff60692cc88937c0d08f42e59ea6d838fc1bd333ca28e4a88248cee2028144,21ff60692cc88937c0d08f42e59ea6d838fc1bd333ca28e4a88248cee2028144,1
2024-03-11,21ff60692cc88937c0d08f42e59ea6d838fc1bd333ca28e4a88248cee2028144,21ff60692cc88937c0d08f42e59ea6d838fc1bd333ca28e4a88248cee2028144,1
2024-03-12,21ff60692cc88937c0d08f42e59ea6d838fc1bd333ca28e4a88248cee2028144,21ff60692cc88937c0d08f42e59ea6d838fc1bd333ca28e4a88248cee2028144,1
2024-03-13,21ff60692cc88937c0d08f42e59ea6d838fc1bd333ca28e4a88248cee2028144,21ff60692cc88937c0d08f42e59ea6d838fc1bd333ca28e4a88248cee2028144,1
2024-03-14,21ff60692cc88937c0d08f42e59ea6d838fc1bd333ca28e4a88248cee2028144,21ff60692cc88937c0d08f42e59ea6d838fc1bd333ca28e4a88248cee2028144,1
2024-03-15,21ff60692cc88937c0d08f42e59ea6d838fc1bd333ca28e4a88248cee2028144,21ff60692cc88937c0d08f42e59ea6d838fc1bd333ca28e4a88248cee2028144,1
2024-03-16,21ff60692cc88937c0d08f42e59ea6d838fc1bd333ca28e4a88248cee2028144,21ff60692cc88937c0d08f42e59ea6d838fc1bd333ca28e4a88248cee2028144,1
2024-03-17,21ff60692cc88937c0d08f42e59ea6d838fc1bd333ca28e4a88248cee2028144,21ff60692cc88937c0d08f42e59ea6d838fc1bd333ca28e4a88248cee2028144,1
2024-03-18,955a7d26b76eb7b80c79600ab6b3332223e3aad4f3c98a0a0c956903d2e4a865,21ff60692cc88937c0d08f42e59ea6d838fc1bd333ca28e4a88248cee2028144,0
2024-03-19,955a7d26b76eb7b80c79600ab6b3332223e3aad4f3c98a0a0c956903d2e4a865,955a7d26b76eb7b80c79600ab6b3332223e3aad4f3c98a0a0c956903d2e4a865,1
2024-03-20,955a7d26b76eb7b80c79600ab6b3332223e3aad4f3c98a0a0c956903d2e4a865,955a7d26b76eb7b80c79600ab6b3332223e3aad4f3c98a0a0c956903d2e4a865,1
2024-03-21,955a7d26b76eb7b80c79600ab6b3332223e3aad4f3c98a0a0c956903d2e4a865,955a7d26b76eb7b80c79600ab6b3332223e3aad4f3c98a0a0c956903d2e4a865,1
2024-03-22,955a7d26b76eb7b80c79600ab6b3332223e3aad4f3c98a0a0c956903d2e4a865,955a7d26b76eb7b80c79600ab6b3332223e3aad4f3c98a0a0c956903d2e4a865,1
2024-03-23,955a7d26b76eb7b80c79600ab6b3332223e3aad4f3c98a0a0c956903d2e4a865,955a7d26b76eb7b80c79600ab6b3332223e3aad4f3c98a0a0c956903d2e4a865,1
2024-03-24,955a7d26b76eb7b80c79600ab6b3332223e3aad4f3c98a0a0c956903d2e4a865,955a7d26b76eb7b80c79600ab6b3332223e3aad4f3c98a0a0c956903d2e4a865,1
2024-03-25,a5cf1266a9a6831cdd2af6ba26bdf7706a606f47245da6706d46371d764ea694,a5cf1266a9a6831cdd2af6ba26bdf7706a606f47245da6706d46371d764ea694,1
2024-03-26,955f89e05c601faf5cc153da8922e0868214fb05cb541a3ea382e96409242066,955f89e05c601faf5cc153da8922e0868214fb05cb541a3ea382e96409242066,1
2024-03-27,955f89e05c601faf5cc153da8922e0868214fb05cb541a3ea382e96409242066,955f89e05c601faf5cc153da8922e0868214fb05cb541a3ea382e96409242066,1
2024-03-28,955f89e05c601faf5cc153da8922e0868214fb05cb541a3ea382e96409242066,955f89e05c601faf5cc153da8922e0868214fb05cb541a3ea382e96409242066,1
2024-03-29,955f89e05c601faf5cc153da8922e0868214fb05cb541a3ea382e96409242066,955f89e05c601faf5cc153da8922e0868214fb05cb541a3ea382e96409242066,1
2024-03-30,955f89e05c601faf5cc153da8922e0868214fb05cb541a3ea382e96409242066,955f89e05c601faf5cc153da8922e0868214fb05cb541a3ea382e96409242066,1
2024-03-31,955f89e05c601faf5cc153da8922e0868214fb05cb541a3ea382e96409242066,955f89e05c601faf5cc153da8922e0868214fb05cb541a3ea382e96409242066,1
2024-04-01,955f89e05c601faf5cc153da8922e0868214fb05cb541a3ea382e96409242066,955f89e05c601faf5cc153da8922e0868214fb05cb541a3ea382e96409242066,1
2024-04-02,955f89e05c601faf5cc153da8922e0868214fb05cb541a3ea382e96409242066,955f89e05c601faf5cc153da8922e0868214fb05cb541a3ea382e96409242066,1
2024-04-03,955f89e05c601faf5cc153da8922e0868214fb05cb541a3ea382e96409242066,955f89e05c601faf5cc153da8922e0868214fb05cb541a3ea382e96409242066,1
2024-04-04,bec2ea4771e438fec5ebc1a6b476adef3b2bed7b740210adfdb577d073ca68a9,bec2ea4771e438fec5ebc1a6b476adef3b2bed7b740210adfdb577d073ca68a9,1
2024-04-05,e3dd69d5fe61a5a8143105400b6677af8a7b6a22b98a0028e7efff92fc6cb290,bec2ea4771e438fec5ebc1a6b476adef3b2bed7b740210adfdb577d073ca68a9,0
2024-04-06,e3dd69d5fe61a5a8143105400b6677af8a7b6a22b98a0028e7efff92fc6cb290,e3dd69d5fe61a5a8143105400b6677af8a7b6a22b98a0028e7efff92fc6cb290,1
2024-04-07,e3dd69d5fe61a5a8143105400b6677af8a7b6a22b98a0028e7efff92fc6cb290,e3dd69d5fe61a5a8143105400b6677af8a7b6a22b98a0028e7efff92fc6cb290,1
2024-04-08,a8e82c0b35150e049460e99676b8f50cdead6a5a5c87667d3105eea4e59241b8,a8e82c0b35150e049460e99676b8f50cdead6a5a5c87667d3105eea4e59241b8,1
2024-04-09,23c7455e8af5d37bf2535b103b3965e6e8908d873b1d798b1e5daf77aa72d7ca,e37a714058597e83c8de500bdb90a718ce7df3816e0d753b42c83bb2ba0db797,0
2024-04-10,23c7455e8af5d37bf2535b103b3965e6e8908d873b1d798b1e5daf77aa72d7ca,23c7455e8af5d37bf2535b103b3965e6e8908d873b1d798b1e5daf77aa72d7ca,1
2024-04-11,386eeae2213354b679ef643a0fe89eae32cc5691470ace5c29d0b0f326488f4b,23c7455e8af5d37bf2535b103b3965e6e8908d873b1d798b1e5daf77aa72d7ca,0
2024-04-12,93444b8956fbd635f83b05734f3c62c85791f46d98595a16fddc69f07a221d7b,93444b8956fbd635f83b05734f3c62c85791f46d98595a16fddc69f07a221d7b,1
2024-04-13,93444b8956fbd635f83b05734f3c62c85791f46d98595a16fddc69f07a221d7b,93444b8956fbd635f83b05734f3c62c85791f46d98595a16fddc69f07a221d7b,1
2024-04-14,93444b8956fbd635f83b05734f3c62c85791f46d98595a16fddc69f07a221d7b,93444b8956fbd635f83b05734f3c62c85791f46d98595a16fddc69f07a221d7b,1
2024-04-15,bb8e328a2dc620f013bb93c6057f3a76da16600be4c9ac7854f7e058b1cc2b99,bb8e328a2dc620f013bb93c6057f3a76da16600be4c9ac7854f7e058b1cc2b99,1
2024-04-16,bb8e328a2dc620f013bb93c6057f3a76da16600be4c9ac7854f7e058b1cc2b99,bb8e328a2dc620f013bb93c6057f3a76da16600be4c9ac7854f7e058b1cc2b99,1
2024-04-17,25025c958632747601bea4f7a66385130fa10c9757bdc8dfcefd1be074e6bad7,25025c958632747601bea4f7a66385130fa10c9757bdc8dfcefd1be074e6bad7,1
2024-04-18,25025c958632747601bea4f7a66385130fa10c9757bdc8dfcefd1be074e6bad7,25025c958632747601bea4f7a66385130fa10c9757bdc8dfcefd1be074e6bad7,1
2024-04-19,25025c958632747601bea4f7a66385130fa10c9757bdc8dfcefd1be074e6bad7,25025c958632747601bea4f7a66385130fa10c9757bdc8dfcefd1be074e6bad7,1
2024-04-20,25025c958632747601bea4f7a66385130fa10c9757bdc8dfcefd1be074e6bad7,25025c958632747601bea4f7a66385130fa10c9757bdc8dfcefd1be074e6bad7,1
2024-04-21,25025c958632747601bea4f7a66385130fa10c9757bdc8dfcefd1be074e6bad7,25025c958632747601bea4f7a66385130fa10c9757bdc8dfcefd1be074e6bad7,1
2024-04-22,25025c958632747601bea4f7a66385130fa10c9757bdc8dfcefd1be074e6bad7,25025c958632747601bea4f7a66385130fa10c9757bdc8dfcefd1be074e6bad7,1
2024-04-23,979f1fef50de814f956936d0d6cd8898dddfb6ee742df6267dd6db13ea615545,979f1fef50de814f956936d0d6cd8898dddfb6ee742df6267dd6db13ea615545,1
2024-04-24,864247b2114f0ffa25fd0f76c48530324b6d28d6a2b2167a5f66e5e501c7bffa,864247b2114f0ffa25fd0f76c48530324b6d28d6a2b2167a5f66e5e501c7bffa,1
2024-04-25,864247b2114f0ffa25fd0f76c48530324b6d28d6a2b2167a5f66e5e501c7bffa,864247b2114f0ffa25fd0f76c48530324b6d28d6a2b2167a5f66e5e501c7bffa,1
2024-04-26,864247b2114f0ffa25fd0f76c48530324b6d28d6a2b2167a5f66e5e501c7bffa,864247b2114f0ffa25fd0f76c48530324b6d28d6a2b2167a5f66e5e501c7bffa,1
2024-04-27,864247b2114f0ffa25fd0f76c48530324b6d28d6a2b2167a5f66e5e501c7bffa,864247b2114f0ffa25fd0f76c48530324b6d28d6a2b2167a5f66e5e501c7bffa,1
2024-04-28,864247b2114f0ffa25fd0f76c48530324b6d28d6a2b2167a5f66e5e501c7bffa,864247b2114f0ffa25fd0f76c48530324b6d28d6a2b2167a5f66e5e501c7bffa,1
2024-04-29,864247b2114f0ffa25fd0f76c48530324b6d28d6a2b2167a5f66e5e501c7bffa,864247b2114f0ffa25fd0f76c48530324b6d28d6a2b2167a5f66e5e501c7bffa,1
2024-04-30,744e152a3d02a8970e9fc6f4b0039d65f04273882ba8cea1858e7a1367d65db3,864247b2114f0ffa25fd0f76c48530324b6d28d6a2b2167a5f66e5e501c7bffa,0
2024-05-01,78b54d2b5cdfc0a277b00e54a2bbbacd9db70029082dbfdac832cf5400237bf3,78b54d2b5cdfc0a277b00e54a2bbbacd9db70029082dbfdac832cf5400237bf3,1
2024-05-02,78b54d2b5cdfc0a277b00e54a2bbbacd9db70029082dbfdac832cf5400237bf3,78b54d2b5cdfc0a277b00e54a2bbbacd9db70029082dbfdac832cf5400237bf3,1
2024-05-03,78b54d2b5cdfc0a277b00e54a2bbbacd9db70029082dbfdac832cf5400237bf3,78b54d2b5cdfc0a277b00e54a2bbbacd9db70029082dbfdac832cf5400237bf3,1
2024-05-04,78b54d2b5cdfc0a277b00e54a2bbbacd9db70029082dbfdac832cf5400237bf3,78b54d2b5cdfc0a277b00e54a2bbbacd9db70029082dbfdac832cf5400237bf3,1
2024-05-05,78b54d2b5cdfc0a277b00e54a2bbbacd9db70029082dbfdac832cf5400237bf3,78b54d2b5cdfc0a277b00e54a2bbbacd9db70029082dbfdac832cf5400237bf3,1
2024-05-06,78b54d2b5cdfc0a277b00e54a2bbbacd9db70029082dbfdac832cf5400237bf3,78b54d2b5cdfc0a277b00e54a2bbbacd9db70029082dbfdac832cf5400237bf3,1
2024-05-07,78b54d2b5cdfc0a277b00e54a2bbbacd9db70029082dbfdac832cf5400237bf3,78b54d2b5cdfc0a277b00e54a2bbbacd9db70029082dbfdac832cf5400237bf3,1
2024-05-08,78b54d2b5cdfc0a277b00e54a2bbbacd9db70029082dbfdac832cf5400237bf3,78b54d2b5cdfc0a277b00e54a2bbbacd9db70029082dbfdac832cf5400237bf3,1
2024-05-09,78b54d2b5cdfc0a277b00e54a2bbbacd9db70029082dbfdac832cf5400237bf3,78b54d2b5cdfc0a277b00e54a2bbbacd9db70029082dbfdac832cf5400237bf3,1
2024-05-10,78b54d2b5cdfc0a277b00e54a2bbbacd9db70029082dbfdac832cf5400237bf3,78b54d2b5cdfc0a277b00e54a2bbbacd9db70029082dbfdac832cf5400237bf3,1
2024-05-11,78b54d2b5cdfc0a277b00e54a2bbbacd9db70029082dbfdac832cf5400237bf3,78b54d2b5cdfc0a277b00e54a2bbbacd9db70029082dbfdac832cf5400237bf3,1
2024-05-12,78b54d2b5cdfc0a277b00e54a2bbbacd9db70029082dbfdac832cf5400237bf3,78b54d2b5cdfc0a277b00e54a2bbbacd9db70029082dbfdac832cf5400237bf3,1
2024-05-13,f58b3546f7484ce56419128a0287f48ce79c020a8fa1c8de02ae406430d75ded,f58b3546f7484ce56419128a0287f48ce79c020a8fa1c8de02ae406430d75ded,1
2024-05-14,9e722a3eaeeb43c8faa53c27a82d5dfd6d2c91d5c0f6d9922399ec06e2502c16,f58b3546f7484ce56419128a0287f48ce79c020a8fa1c8de02ae406430d75ded,0
2024-05-15,bd04fdf90d73cc23e32d7a5e36a0083b8d6c94b98ec7216a28d0d8374915e5e0,bd04fdf90d73cc23e32d7a5e36a0083b8d6c94b98ec7216a28d0d8374915e5e0,1
2024-05-16,f50d92e2870bf2b68fd7ceaa162b00c505f2da34f540ce4f472be47c32a1e9fc,f50d92e2870bf2b68fd7ceaa162b00c505f2da34f540ce4f472be47c32a1e9fc,1
2024-05-17,f50d92e2870bf2b68fd7ceaa162b00c505f2da34f540ce4f472be47c32a1e9fc,f50d92e2870bf2b68fd7ceaa162b00c505f2da34f540ce4f472be47c32a1e9fc,1
2024-05-18,f50d92e2870bf2b68fd7ceaa162b00c505f2da34f540ce4f472be47c32a1e9fc,f50d92e2870bf2b68fd7ceaa162b00c505f2da34f540ce4f472be47c32a1e9fc,1
2024-05-19,f50d92e2870bf2b68fd7ceaa162b00c505f2da34f540ce4f472be47c32a1e9fc,f50d92e2870bf2b68fd7ceaa162b00c505f2da34f540ce4f472be47c32a1e9fc,1
2024-05-20,d446215784f6bd52960a6221f47499a7e7be3da9d116d36519a359b8aa91bc67,d446215784f6bd52960a6221f47499a7e7be3da9d116d36519a359b8aa91bc67,1
2024-05-21,d446215784f6bd52960a6221f47499a7e7be3da9d116d36519a359b8aa91bc67,d446215784f6bd52960a6221f47499a7e7be3da9d116d36519a359b8aa91bc67,1
2024-05-22,d446215784f6bd52960a6221f47499a7e7be3da9d116d36519a359b8aa91bc67,d446215784f6bd52960a6221f47499a7e7be3da9d116d36519a359b8aa91bc67,1
2024-05-23,bf2402398f7d6321643938c24869d314a75ba7524aa36bf7e9d05f2a0faa12c9,bf2402398f7d6321643938c24869d314a75ba7524aa36bf7e9d05f2a0faa12c9,1
2024-05-24,bf2402398f7d6321643938c24869d314a75ba7524aa36bf7e9d05f2a0faa12c9,bf2402398f7d6321643938c24869d314a75ba7524aa36bf7e9d05f2a0faa12c9,1
2024-05-25,bf2402398f7d6321643938c24869d314a75ba7524aa36bf7e9d05f2a0faa12c9,bf2402398f7d6321643938c24869d314a75ba7524aa36bf7e9d05f2a0faa12c9,1
2024-05-26,bf2402398f7d6321643938c24869d314a75ba7524aa36bf7e9d05f2a0faa12c9,bf2402398f7d6321643938c24869d314a75ba7524aa36bf7e9d05f2a0faa12c9,1
2024-05-27,bf2402398f7d6321643938c24869d314a75ba7524aa36bf7e9d05f2a0faa12c9,bf2402398f7d6321643938c24869d314a75ba7524aa36bf7e9d05f2a0faa12c9,1
2024-05-28,a558b35b88183b453436eaf90d32276232a6465a5396c52e35c46e53e32c1cf8,a558b35b88183b453436eaf90d32276232a6465a5396c52e35c46e53e32c1cf8,1
2024-05-29,507b13f8fa14bfa48da2befd3bdcad43f322f6e76edbc6d664f36d999aff2c93,507b13f8fa14bfa48da2befd3bdcad43f322f6e76edbc6d664f36d999aff2c93,1
2024-05-30,c7e93ce55cd8075d610477a3fae88293e959d99a973244732e77f6dbf42deb3d,c7e93ce55cd8075d610477a3fae88293e959d99a973244732e77f6dbf42deb3d,1
2024-05-31,c7e93ce55cd8075d610477a3fae88293e959d99a973244732e77f6dbf42deb3d,c7e93ce55cd8075d610477a3fae88293e959d99a973244732e77f6dbf42deb3d,1
2024-06-01,c7e93ce55cd8075d610477a3fae88293e959d99a973244732e77f6dbf42deb3d,c7e93ce55cd8075d610477a3fae88293e959d99a973244732e77f6dbf42deb3d,1
2024-06-02,c7e93ce55cd8075d610477a3fae88293e959d99a973244732e77f6dbf42deb3d,c7e93ce55cd8075d610477a3fae88293e959d99a973244732e77f6dbf42deb3d,1
2024-06-03,e03657f6e2703a85edf27cabfcaaa409af9517c2ae76994f5a30925caf64b1b4,e03657f6e2703a85edf27cabfcaaa409af9517c2ae76994f5a30925caf64b1b4,1
2024-06-04,e03657f6e2703a85edf27cabfcaaa409af9517c2ae76994f5a30925caf64b1b4,e03657f6e2703a85edf27cabfcaaa409af9517c2ae76994f5a30925caf64b1b4,1
2024-06-05,e03657f6e2703a85edf27cabfcaaa409af9517c2ae76994f5a30925caf64b1b4,e03657f6e2703a85edf27cabfcaaa409af9517c2ae76994f5a30925caf64b1b4,1
2024-06-06,e03657f6e2703a85edf27cabfcaaa409af9517c2ae76994f5a30925caf64b1b4,e03657f6e2703a85edf27cabfcaaa409af9517c2ae76994f5a30925caf64b1b4,1
2024-06-07,e03657f6e2703a85edf27cabfcaaa409af9517c2ae76994f5a30925caf64b1b4,e03657f6e2703a85edf27cabfcaaa409af9517c2ae76994f5a30925caf64b1b4,1
2024-06-08,e03657f6e2703a85edf27cabfcaaa409af9517c2ae76994f5a30925caf64b1b4,e03657f6e2703a85edf27cabfcaaa409af9517c2ae76994f5a30925caf64b1b4,1
2024-06-09,e03657f6e2703a85edf27cabfcaaa409af9517c2ae76994f5a30925caf64b1b4,e03657f6e2703a85edf27cabfcaaa409af9517c2ae76994f5a30925caf64b1b4,1
2024-06-10,e03657f6e2703a85edf27cabfcaaa409af9517c2ae76994f5a30925caf64b1b4,e03657f6e2703a85edf27cabfcaaa409af9517c2ae76994f5a30925caf64b1b4,1
2024-06-11,e03657f6e2703a85edf27cabfcaaa409af9517c2ae76994f5a30925caf64b1b4,e03657f6e2703a85edf27cabfcaaa409af9517c2ae76994f5a30925caf64b1b4,1
2024-06-12,328302e9329b206a798d1369f4c3fd2dc995735be5aa4368752cabc73f0cb67f,328302e9329b206a798d1369f4c3fd2dc995735be5aa4368752cabc73f0cb67f,1
2024-06-13,87f060575fc40e51b89660cb72286d80698f847fe2dbc9f65710efef5d5d117b,87f060575fc40e51b89660cb72286d80698f847fe2dbc9f65710efef5d5d117b,1
2024-06-14,87f060575fc40e51b89660cb72286d80698f847fe2dbc9f65710efef5d5d117b,87f060575fc40e51b89660cb72286d80698f847fe2dbc9f65710efef5d5d117b,1
2024-06-15,87f060575fc40e51b89660cb72286d80698f847fe2dbc9f65710efef5d5d117b,87f060575fc40e51b89660cb72286d80698f847fe2dbc9f65710efef5d5d117b,1
2024-06-16,87f060575fc40e51b89660cb72286d80698f847fe2dbc9f65710efef5d5d117b,87f060575fc40e51b89660cb72286d80698f847fe2dbc9f65710efef5d5d117b,1
2024-06-17,87f060575fc40e51b89660cb72286d80698f847fe2dbc9f65710efef5d5d117b,87f060575fc40e51b89660cb72286d80698f847fe2dbc9f65710efef5d5d117b,1
2024-06-18,87f060575fc40e51b89660cb72286d80698f847fe2dbc9f65710efef5d5d117b,87f060575fc40e51b89660cb72286d80698f847fe2dbc9f65710efef5d5d117b,1
2024-06-19,87f060575fc40e51b89660cb72286d80698f847fe2dbc9f65710efef5d5d117b,87f060575fc40e51b89660cb72286d80698f847fe2dbc9f65710efef5d5d117b,1
2024-06-20,87f060575fc40e51b89660cb72286d80698f847fe2dbc9f65710efef5d5d117b,87f060575fc40e51b89660cb72286d80698f847fe2dbc9f65710efef5d5d117b,1
2024-06-21,87f060575fc40e51b89660cb72286d80698f847fe2dbc9f65710efef5d5d117b,87f060575fc40e51b89660cb72286d80698f847fe2dbc9f65710efef5d5d117b,1
2024-06-22,87f060575fc40e51b89660cb72286d80698f847fe2dbc9f65710efef5d5d117b,87f060575fc40e51b89660cb72286d80698f847fe2dbc9f65710efef5d5d117b,1
2024-06-23,87f060575fc40e51b89660cb72286d80698f847fe2dbc9f65710efef5d5d117b,87f060575fc40e51b89660cb72286d80698f847fe2dbc9f65710efef5d5d117b,1
2024-06-24,87f060575fc40e51b89660cb72286d80698f847fe2dbc9f65710efef5d5d117b,87f060575fc40e51b89660cb72286d80698f847fe2dbc9f65710efef5d5d117b,1
2024-06-25,87f060575fc40e51b89660cb72286d80698f847fe2dbc9f65710efef5d5d117b,87f060575fc40e51b89660cb72286d80698f847fe2dbc9f65710efef5d5d117b,1
2024-06-26,736de3c5f66d16193314ade9931ab0839a8146248f7d9f08a730cd84c0be1dbb,736de3c5f66d16193314ade9931ab0839a8146248f7d9f08a730cd84c0be1dbb,1
2024-06-27,736de3c5f66d16193314ade9931ab0839a8146248f7d9f08a730cd84c0be1dbb,736de3c5f66d16193314ade9931ab0839a8146248f7d9f08a730cd84c0be1dbb,1
2024-06-28,736de3c5f66d16193314ade9931ab0839a8146248f7d9f08a730cd84c0be1dbb,736de3c5f66d16193314ade9931ab0839a8146248f7d9f08a730cd84c0be1dbb,1
2024-06-29,736de3c5f66d16193314ade9931ab0839a8146248f7d9f08a730cd84c0be1dbb,736de3c5f66d16193314ade9931ab0839a8146248f7d9f08a730cd84c0be1dbb,1
2024-06-30,736de3c5f66d16193314ade9931ab0839a8146248f7d9f08a730cd84c0be1dbb,736de3c5f66d16193314ade9931ab0839a8146248f7d9f08a730cd84c0be1dbb,1
2024-07-01,736de3c5f66d16193314ade9931ab0839a8146248f7d9f08a730cd84c0be1dbb,736de3c5f66d16193314ade9931ab0839a8146248f7d9f08a730cd84c0be1dbb,1
2024-07-02,c84de1631cb3a046f690d28275604b7e7c9af516c7ea9526f3bb069c3c1f9411,c84de1631cb3a046f690d28275604b7e7c9af516c7ea9526f3bb069c3c1f9411,1
2024-07-03,c84de1631cb3a046f690d28275604b7e7c9af516c7ea9526f3bb069c3c1f9411,c84de1631cb3a046f690d28275604b7e7c9af516c7ea9526f3bb069c3c1f9411,1
2024-07-04,c84de1631cb3a046f690d28275604b7e7c9af516c7ea9526f3bb069c3c1f9411,c84de1631cb3a046f690d28275604b7e7c9af516c7ea9526f3bb069c3c1f9411,1
2024-07-05,c84de1631cb3a046f690d28275604b7e7c9af516c7ea9526f3bb069c3c1f9411,c84de1631cb3a046f690d28275604b7e7c9af516c7ea9526f3bb069c3c1f9411,1
2024-07-06,c84de1631cb3a046f690d28275604b7e7c9af516c7ea9526f3bb069c3c1f9411,c84de1631cb3a046f690d28275604b7e7c9af516c7ea9526f3bb069c3c1f9411,1
2024-07-07,c84de1631cb3a046f690d28275604b7e7c9af516c7ea9526f3bb069c3c1f9411,c84de1631cb3a046f690d28275604b7e7c9af516c7ea9526f3bb069c3c1f9411,1
2024-07-08,109e3906c2f9e1b661e7e36a0e63971615e571c44e4c7404ebf965772a2e6771,109e3906c2f9e1b661e7e36a0e63971615e571c44e4c7404ebf965772a2e6771,1
2024-07-09,965b5e58d5841cf5bbdcda0d85c89d398163b15d27a00b833cb59ce0ac6ec849,109e3906c2f9e1b661e7e36a0e63971615e571c44e4c7404ebf965772a2e6771,0
2024-07-10,965b5e58d5841cf5bbdcda0d85c89d398163b15d27a00b833cb59ce0ac6ec849,965b5e58d5841cf5bbdcda0d85c89d398163b15d27a00b833cb59ce0ac6ec849,1
2024-07-11,965b5e58d5841cf5bbdcda0d85c89d398163b15d27a00b833cb59ce0ac6ec849,965b5e58d5841cf5bbdcda0d85c89d398163b15d27a00b833cb59ce0ac6ec849,1
2024-07-12,965b5e58d5841cf5bbdcda0d85c89d398163b15d27a00b833cb59ce0ac6ec849,965b5e58d5841cf5bbdcda0d85c89d398163b15d27a00b833cb59ce0ac6ec849,1
2024-07-13,965b5e58d5841cf5bbdcda0d85c89d398163b15d27a00b833cb59ce0ac6ec849,965b5e58d5841cf5bbdcda0d85c89d398163b15d27a00b833cb59ce0ac6ec849,1
2024-07-14,965b5e58d5841cf5bbdcda0d85c89d398163b15d27a00b833cb59ce0ac6ec849,965b5e58d5841cf5bbdcda0d85c89d398163b15d27a00b833cb59ce0ac6ec849,1
2024-07-15,1e9edde36f4509da9599e0ff0e94bc08f934343a23894cca5a57161f1b29aecc,5cbe23311623d13a61f33f82de17933f57b02f9f201702e672e2bd8226325bfe,0
2024-07-16,1e9edde36f4509da9599e0ff0e94bc08f934343a23894cca5a57161f1b29aecc,1e9edde36f4509da9599e0ff0e94bc08f934343a23894cca5a57161f1b29aecc,1
2024-07-17,4efa92ad7057e2bdc6e60c1785d37369549c26e662645a29d25e74937ff71b93,4efa92ad7057e2bdc6e60c1785d37369549c26e662645a29d25e74937ff71b93,1
2024-07-18,4efa92ad7057e2bdc6e60c1785d37369549c26e662645a29d25e74937ff71b93,4efa92ad7057e2bdc6e60c1785d37369549c26e662645a29d25e74937ff71b93,1
2024-07-19,4efa92ad7057e2bdc6e60c1785d37369549c26e662645a29d25e74937ff71b93,4efa92ad7057e2bdc6e60c1785d37369549c26e662645a29d25e74937ff71b93,1
2024-07-20,4efa92ad7057e2bdc6e60c1785d37369549c26e662645a29d25e74937ff71b93,4efa92ad7057e2bdc6e60c1785d37369549c26e662645a29d25e74937ff71b93,1
2024-07-21,4efa92ad7057e2bdc6e60c1785d37369549c26e662645a29d25e74937ff71b93,4efa92ad7057e2bdc6e60c1785d37369549c26e662645a29d25e74937ff71b93,1
2024-07-22,4efa92ad7057e2bdc6e60c1785d37369549c26e662645a29d25e74937ff71b93,4efa92ad7057e2bdc6e60c1785d37369549c26e662645a29d25e74937ff71b93,1
2024-07-23,06cc8213cb296ff6a115313e9b5efe784151c164c0881e205061a1e2552ebdb8,06cc8213cb296ff6a115313e9b5efe784151c164c0881e205061a1e2552ebdb8,1
2024-07-24,06cc8213cb296ff6a115313e9b5efe784151c164c0881e205061a1e2552ebdb8,06cc8213cb296ff6a115313e9b5efe784151c164c0881e205061a1e2552ebdb8,1
2024-07-25,06cc8213cb296ff6a115313e9b5efe784151c164c0881e205061a1e2552ebdb8,06cc8213cb296ff6a115313e9b5efe784151c164c0881e205061a1e2552ebdb8,1
2024-07-26,06cc8213cb296ff6a115313e9b5efe784151c164c0881e205061a1e2552ebdb8,06cc8213cb296ff6a115313e9b5efe784151c164c0881e205061a1e2552ebdb8,1
2024-07-27,06cc8213cb296ff6a115313e9b5efe784151c164c0881e205061a1e2552ebdb8,06cc8213cb296ff6a115313e9b5efe784151c164c0881e205061a1e2552ebdb8,1
2024-07-28,06cc8213cb296ff6a115313e9b5efe784151c164c0881e205061a1e2552ebdb8,06cc8213cb296ff6a115313e9b5efe784151c164c0881e205061a1e2552ebdb8,1
2024-07-29,1ed9f3afaceaad1027fa2a37b8ee53dfafaedc2e7a22d83dd712d6b4cc1fa892,1ed9f3afaceaad1027fa2a37b8ee53dfafaedc2e7a22d83dd712d6b4cc1fa892,1
2024-07-30,05ee3598c2a35b43b65a1c6a694ca39772635be6e19a78a4822ccc1d716165e5,05ee3598c2a35b43b65a1c6a694ca39772635be6e19a78a4822ccc1d716165e5,1
2024-07-31,05ee3598c2a35b43b65a1c6a694ca39772635be6e19a78a4822ccc1d716165e5,05ee3598c2a35b43b65a1c6a694ca39772635be6e19a78a4822ccc1d716165e5,1
2024-08-01,05ee3598c2a35b43b65a1c6a694ca39772635be6e19a78a4822ccc1d716165e5,05ee3598c2a35b43b65a1c6a694ca39772635be6e19a78a4822ccc1d716165e5,1
2024-08-02,05ee3598c2a35b43b65a1c6a694ca39772635be6e19a78a4822ccc1d716165e5,05ee3598c2a35b43b65a1c6a694ca39772635be6e19a78a4822ccc1d716165e5,1
2024-08-03,05ee3598c2a35b43b65a1c6a694ca39772635be6e19a78a4822ccc1d716165e5,05ee3598c2a35b43b65a1c6a694ca39772635be6e19a78a4822ccc1d716165e5,1
2024-08-04,05ee3598c2a35b43b65a1c6a694ca39772635be6e19a78a4822ccc1d716165e5,05ee3598c2a35b43b65a1c6a694ca39772635be6e19a78a4822ccc1d716165e5,1
2024-08-05,4ddf779b99459603b391139a4353462a1302f2f9612a523dacc6484b51c48ede,4ddf779b99459603b391139a4353462a1302f2f9612a523dacc6484b51c48ede,1
2024-08-06,4ddf779b99459603b391139a4353462a1302f2f9612a523dacc6484b51c48ede,4ddf779b99459603b391139a4353462a1302f2f9612a523dacc6484b51c48ede,1
2024-08-07,f8cec20a42c941b5415be6b1922aa5e034d415b3c060d202c9f7fa029aaf58d9,260e82ff4b159e20f9a5b629ef488d383da4a1d5c845db0cff4bd0131a4d7f5f,0
2024-08-08,f8cec20a42c941b5415be6b1922aa5e034d415b3c060d202c9f7fa029aaf58d9,f8cec20a42c941b5415be6b1922aa5e034d415b3c060d202c9f7fa029aaf58d9,1
2024-08-09,f8cec20a42c941b5415be6b1922aa5e034d415b3c060d202c9f7fa029aaf58d9,f8cec20a42c941b5415be6b1922aa5e034d415b3c060d202c9f7fa029aaf58d9,1
2024-08-10,f8cec20a42c941b5415be6b1922aa5e034d415b3c060d202c9f7fa029aaf58d9,f8cec20a42c941b5415be6b1922aa5e034d415b3c060d202c9f7fa029aaf58d9,1
2024-08-11,f8cec20a42c941b5415be6b1922aa5e034d415b3c060d202c9f7fa029aaf58d9,f8cec20a42c941b5415be6b1922aa5e034d415b3c060d202c9f7fa029aaf58d9,1
2024-08-12,f8cec20a42c941b5415be6b1922aa5e034d415b3c060d202c9f7fa029aaf58d9,f8cec20a42c941b5415be6b1922aa5e034d415b3c060d202c9f7fa029aaf58d9,1
2024-08-13,e7380a43e2f575a89b48f57c44c90dcf3eb11d99fed293328da242743f77d095,f8cec20a42c941b5415be6b1922aa5e034d415b3c060d202c9f7fa029aaf58d9,0
2024-08-14,e7380a43e2f575a89b48f57c44c90dcf3eb11d99fed293328da242743f77d095,e7380a43e2f575a89b48f57c44c90dcf3eb11d99fed293328da242743f77d095,1
2024-08-15,02ef17e82c99da423e5394be63f3c46176b17d563e2c1ec16fdc52f5d58d7435,02ef17e82c99da423e5394be63f3c46176b17d563e2c1ec16fdc52f5d58d7435,1
2024-08-16,02ef17e82c99da423e5394be63f3c46176b17d563e2c1ec16fdc52f5d58d7435,02ef17e82c99da423e5394be63f3c46176b17d563e2c1ec16fdc52f5d58d7435,1
2024-08-17,02ef17e82c99da423e5394be63f3c46176b17d563e2c1ec16fdc52f5d58d7435,02ef17e82c99da423e5394be63f3c46176b17d563e2c1ec16fdc52f5d58d7435,1
2024-08-18,02ef17e82c99da423e5394be63f3c46176b17d563e2c1ec16fdc52f5d58d7435,02ef17e82c99da423e5394be63f3c46176b17d563e2c1ec16fdc52f5d58d7435,1
2024-08-19,f5b3d2f66a38318718c6e00a9dab81c2d0a87079e95491e2ebdfa746f19906a5,f5b3d2f66a38318718c6e00a9dab81c2d0a87079e95491e2ebdfa746f19906a5,1
2024-08-20,5ab5ffd98ec25e16bad3c9f68bf444ab494732b2faadefc11ad50266a13daacb,5ab5ffd98ec25e16bad3c9f68bf444ab494732b2faadefc11ad50266a13daacb,1
2024-08-21,3b1924abb607790418464c17c719076a68d5b25eb3eeff0f11d7ea24950d96fe,3b1924abb607790418464c17c719076a68d5b25eb3eeff0f11d7ea24950d96fe,1
2024-08-22,3b1924abb607790418464c17c719076a68d5b25eb3eeff0f11d7ea24950d96fe,3b1924abb607790418464c17c719076a68d5b25eb3eeff0f11d7ea24950d96fe,1
2024-08-23,3b1924abb607790418464c17c719076a68d5b25eb3eeff0f11d7ea24950d96fe,3b1924abb607790418464c17c719076a68d5b25eb3eeff0f11d7ea24950d96fe,1
2024-08-24,8cc74874f5ecbab3b26847a92c6e3b42081a3069fc533ac8df61d75e8254cf3a,8cc74874f5ecbab3b26847a92c6e3b42081a3069fc533ac8df61d75e8254cf3a,1
2024-08-25,8cc74874f5ecbab3b26847a92c6e3b42081a3069fc533ac8df61d75e8254cf3a,8cc74874f5ecbab3b26847a92c6e3b42081a3069fc533ac8df61d75e8254cf3a,1
2024-08-26,a56501c2a8ae4836f5d0e5eb9aba455e074f9d3beb7e86046e235757d19141a6,8cc74874f5ecbab3b26847a92c6e3b42081a3069fc533ac8df61d75e8254cf3a,0
2024-08-27,ff1df4e33b90a65b594f035f5e47b770cc323d5684cf14187cff001b670b5223,ff1df4e33b90a65b594f035f5e47b770cc323d5684cf14187cff001b670b5223,1
2024-08-28,8a0f0c2bb9f3474cd5398304c5c3216b4ff4b33960a8b19a3b1aec1411cd4fbe,8a0f0c2bb9f3474cd5398304c5c3216b4ff4b33960a8b19a3b1aec1411cd4fbe,1
2024-08-29,8a0f0c2bb9f3474cd5398304c5c3216b4ff4b33960a8b19a3b1aec1411cd4fbe,8a0f0c2bb9f3474cd5398304c5c3216b4ff4b33960a8b19a3b1aec1411cd4fbe,1
2024-08-30,8a0f0c2bb9f3474cd5398304c5c3216b4ff4b33960a8b19a3b1aec1411cd4fbe,8a0f0c2bb9f3474cd5398304c5c3216b4ff4b33960a8b19a3b1aec1411cd4fbe,1
2024-08-31,8a0f0c2bb9f3474cd5398304c5c3216b4ff4b33960a8b19a3b1aec1411cd4fbe,8a0f0c2bb9f3474cd5398304c5c3216b4ff4b33960a8b19a3b1aec1411cd4fbe,1
2024-09-01,8a0f0c2bb9f3474cd5398304c5c3216b4ff4b33960a8b19a3b1aec1411cd4fbe,8a0f0c2bb9f3474cd5398304c5c3216b4ff4b33960a8b19a3b1aec1411cd4fbe,1
2024-09-02,8a0f0c2bb9f3474cd5398304c5c3216b4ff4b33960a8b19a3b1aec1411cd4fbe,8a0f0c2bb9f3474cd5398304c5c3216b4ff4b33960a8b19a3b1aec1411cd4fbe,1
2024-09-03,7e48b691c560a35531931d06cc7184d03297334ecdbe99737b8a629136c5271d,7e48b691c560a35531931d06cc7184d03297334ecdbe99737b8a629136c5271d,1
2024-09-04,7e48b691c560a35531931d06cc7184d03297334ecdbe99737b8a629136c5271d,7e48b691c560a35531931d06cc7184d03297334ecdbe99737b8a629136c5271d,1
2024-09-05,7e48b691c560a35531931d06cc7184d03297334ecdbe99737b8a629136c5271d,7e48b691c560a35531931d06cc7184d03297334ecdbe99737b8a629136c5271d,1
2024-09-06,7e48b691c560a35531931d06cc7184d03297334ecdbe99737b8a629136c5271d,7e48b691c560a35531931d06cc7184d03297334ecdbe99737b8a629136c5271d,1
2024-09-07,7e48b691c560a35531931d06cc7184d03297334ecdbe99737b8a629136c5271d,7e48b691c560a35531931d06cc7184d03297334ecdbe99737b8a629136c5271d,1
2024-09-08,7e48b691c560a35531931d06cc7184d03297334ecdbe99737b8a629136c5271d,7e48b691c560a35531931d06cc7184d03297334ecdbe99737b8a629136c5271d,1
2024-09-09,3f9e8f2a068b5a36feb7f80b116eaf99553f213222e00f9517dbc0a034728c50,3f9e8f2a068b5a36feb7f80b116eaf99553f213222e00f9517dbc0a034728c50,1
2024-09-10,10cd0f715d4f111b3dd9b4510cbf3aea68cc1cb886cff1f3cf9a1dbd3803e2cb,784150e98a3f1d10ec050774b6a581f7f4872e2a2b2e5c5d6c72727fa178e810,0
2024-09-11,c266ef34d571f7fa956f6a6a1bf5502dc41650460388dbd837c54be868e59be9,c266ef34d571f7fa956f6a6a1bf5502dc41650460388dbd837c54be868e59be9,1
2024-09-12,c266ef34d571f7fa956f6a6a1bf5502dc41650460388dbd837c54be868e59be9,c266ef34d571f7fa956f6a6a1bf5502dc41650460388dbd837c54be868e59be9,1
2024-09-13,e92b479a9566788fd1feea9298edacd0b1c8af14e1415e77b3a340c69e234418,e92b479a9566788fd1feea9298edacd0b1c8af14e1415e77b3a340c69e234418,1
2024-09-14,e92b479a9566788fd1feea9298edacd0b1c8af14e1415e77b3a340c69e234418,e92b479a9566788fd1feea9298edacd0b1c8af14e1415e77b3a340c69e234418,1
2024-09-15,e92b479a9566788fd1feea9298edacd0b1c8af14e1415e77b3a340c69e234418,e92b479a9566788fd1feea9298edacd0b1c8af14e1415e77b3a340c69e234418,1
2024-09-16,78a7fb60868205b397f327270ed801f4220133a758fed26cad1a3ff6cc97ecc8,78a7fb60868205b397f327270ed801f4220133a758fed26cad1a3ff6cc97ecc8,1
2024-09-17,20ffdc1d5686e52c8f5d75627c9d97140631c42af587597d6aa02bc431e4cae4,20ffdc1d5686e52c8f5d75627c9d97140631c42af587597d6aa02bc431e4cae4,1
2024-09-18,a1467729cc31886b5a06d45dc5c61faf364f0456cdea3df06115d1a76ba65e09,a1467729cc31886b5a06d45dc5c61faf364f0456cdea3df06115d1a76ba65e09,1
2024-09-19,f894e09b2f3724aa58324807e0c83da9bcd9474eec6ac5354ec25be8eef8cbf4,f894e09b2f3724aa58324807e0c83da9bcd9474eec6ac5354ec25be8eef8cbf4,1
2024-09-20,f894e09b2f3724aa58324807e0c83da9bcd9474eec6ac5354ec25be8eef8cbf4,f894e09b2f3724aa58324807e0c83da9bcd9474eec6ac5354ec25be8eef8cbf4,1
2024-09-21,f894e09b2f3724aa58324807e0c83da9bcd9474eec6ac5354ec25be8eef8cbf4,f894e09b2f3724aa58324807e0c83da9bcd9474eec6ac5354ec25be8eef8cbf4,1
2024-09-22,f894e09b2f3724aa58324807e0c83da9bcd9474eec6ac5354ec25be8eef8cbf4,f894e09b2f3724aa58324807e0c83da9bcd9474eec6ac5354ec25be8eef8cbf4,1
2024-09-23,640f94143d0e011c60c5705287f6e7444fd51f394686027df1b695a9eb3b4d7d,f894e09b2f3724aa58324807e0c83da9bcd9474eec6ac5354ec25be8eef8cbf4,0
2024-09-24,b0dca6621484694dff2f6b94cb45bfc6d14f01a5c03d9a4cb87ab5062d8775bc,b0dca6621484694dff2f6b94cb45bfc6d14f01a5c03d9a4cb87ab5062d8775bc,1
2024-09-25,3999d72c4c273d97bccb53d5f0c83bd2b0c9358155a801a39b5072b3f3b31a55,3999d72c4c273d97bccb53d5f0c83bd2b0c9358155a801a39b5072b3f3b31a55,1
2024-09-26,3999d72c4c273d97bccb53d5f0c83bd2b0c9358155a801a39b5072b3f3b31a55,3999d72c4c273d97bccb53d5f0c83bd2b0c9358155a801a39b5072b3f3b31a55,1
2024-09-27,3999d72c4c273d97bccb53d5f0c83bd2b0c9358155a801a39b5072b3f3b31a55,3999d72c4c273d97bccb53d5f0c83bd2b0c9358155a801a39b5072b3f3b31a55,1
2024-09-28,3999d72c4c273d97bccb53d5f0c83bd2b0c9358155a801a39b5072b3f3b31a55,3999d72c4c273d97bccb53d5f0c83bd2b0c9358155a801a39b5072b3f3b31a55,1
2024-09-29,3999d72c4c273d97bccb53d5f0c83bd2b0c9358155a801a39b5072b3f3b31a55,3999d72c4c273d97bccb53d5f0c83bd2b0c9358155a801a39b5072b3f3b31a55,1
2024-09-30,d93fdc53026361a6df3c4f9b461abd1903b0530ee3074799e36b88042cf7a537,d93fdc53026361a6df3c4f9b461abd1903b0530ee3074799e36b88042cf7a537,1
2024-10-01,d93fdc53026361a6df3c4f9b461abd1903b0530ee3074799e36b88042cf7a537,d93fdc53026361a6df3c4f9b461abd1903b0530ee3074799e36b88042cf7a537,1
2024-10-02,10ba26cc57be7320600e7e42914c084062ef6899486f93bfdf23a60a95893753,10ba26cc57be7320600e7e42914c084062ef6899486f93bfdf23a60a95893753,1
2024-10-03,0dfc611ce9ea8f5794fff833e416deddce7ef795eab84e2bb1f979de1f0fccfc,0dfc611ce9ea8f5794fff833e416deddce7ef795eab84e2bb1f979de1f0fccfc,1
2024-10-04,0dfc611ce9ea8f5794fff833e416deddce7ef795eab84e2bb1f979de1f0fccfc,0dfc611ce9ea8f5794fff833e416deddce7ef795eab84e2bb1f979de1f0fccfc,1
2024-10-05,0dfc611ce9ea8f5794fff833e416deddce7ef795eab84e2bb1f979de1f0fccfc,0dfc611ce9ea8f5794fff833e416deddce7ef795eab84e2bb1f979de1f0fccfc,1
2024-10-06,0dfc611ce9ea8f5794fff833e416deddce7ef795eab84e2bb1f979de1f0fccfc,0dfc611ce9ea8f5794fff833e416deddce7ef795eab84e2bb1f979de1f0fccfc,1
2024-10-07,fff4a17f741d1c35e03115428e36accc2fb97ede9ad41b22cc404d23c1b90657,0dfc611ce9ea8f5794fff833e416deddce7ef795eab84e2bb1f979de1f0fccfc,0
2024-10-08,23fb8b14314333e496da271386a0174f518540e35ea56e4fcdd96c842b099845,a7a579ff8042724f5f7bd976bc4a6859fa3062590737af9c6ce6b61c771861a0,0
2024-10-09,6be9a296f341c34d8d01336338ff1ffcfebf4c376b7e31edaf7d88f12d69a3a5,6be9a296f341c34d8d01336338ff1ffcfebf4c376b7e31edaf7d88f12d69a3a5,1
2024-10-10,6be9a296f341c34d8d01336338ff1ffcfebf4c376b7e31edaf7d88f12d69a3a5,6be9a296f341c34d8d01336338ff1ffcfebf4c376b7e31edaf7d88f12d69a3a5,1
2024-10-11,6be9a296f341c34d8d01336338ff1ffcfebf4c376b7e31edaf7d88f12d69a3a5,6be9a296f341c34d8d01336338ff1ffcfebf4c376b7e31edaf7d88f12d69a3a5,1
2024-10-12,6be9a296f341c34d8d01336338ff1ffcfebf4c376b7e31edaf7d88f12d69a3a5,6be9a296f341c34d8d01336338ff1ffcfebf4c376b7e31edaf7d88f12d69a3a5,1
2024-10-13,6be9a296f341c34d8d01336338ff1ffcfebf4c376b7e31edaf7d88f12d69a3a5,6be9a296f341c34d8d01336338ff1ffcfebf4c376b7e31edaf7d88f12d69a3a5,1
2024-10-14,6be9a296f341c34d8d01336338ff1ffcfebf4c376b7e31edaf7d88f12d69a3a5,6be9a296f341c34d8d01336338ff1ffcfebf4c376b7e31edaf7d88f12d69a3a5,1
2024-10-15,42a68e4256688cb8db4c77c2863a1abb88d0e144b75957bd58cf8d5520ee85b8,42a68e4256688cb8db4c77c2863a1abb88d0e144b75957bd58cf8d5520ee85b8,1
2024-10-16,42a68e4256688cb8db4c77c2863a1abb88d0e144b75957bd58cf8d5520ee85b8,42a68e4256688cb8db4c77c2863a1abb88d0e144b75957bd58cf8d5520ee85b8,1
2024-10-17,e2dfea0800db8be2ef1d9a3b51a978cdc1be4a7750f41ac693e3e50107a69193,e2dfea0800db8be2ef1d9a3b51a978cdc1be4a7750f41ac693e3e50107a69193,1
2024-10-18,e2dfea0800db8be2ef1d9a3b51a978cdc1be4a7750f41ac693e3e50107a69193,e2dfea0800db8be2ef1d9a3b51a978cdc1be4a7750f41ac693e3e50107a69193,1
2024-10-19,e2dfea0800db8be2ef1d9a3b51a978cdc1be4a7750f41ac693e3e50107a69193,e2dfea0800db8be2ef1d9a3b51a978cdc1be4a7750f41ac693e3e50107a69193,1
2024-10-20,e2dfea0800db8be2ef1d9a3b51a978cdc1be4a7750f41ac693e3e50107a69193,e2dfea0800db8be2ef1d9a3b51a978cdc1be4a7750f41ac693e3e50107a69193,1
2024-10-21,b3c4472782a0536a7b3fee14dc3248c54d2c1dca768f45c96709c186724671a1,b3c4472782a0536a7b3fee14dc3248c54d2c1dca768f45c96709c186724671a1,1
2024-10-22,cae31db1cff925b053ba8da931037c6026cf6240084861705b204ecc1c7ae356,cae31db1cff925b053ba8da931037c6026cf6240084861705b204ecc1c7ae356,1
2024-10-23,4e9fc7fa64b273e739bf614b07393dc15e7194dbdbd462a9b3244954f450a452,4e9fc7fa64b273e739bf614b07393dc15e7194dbdbd462a9b3244954f450a452,1
2024-10-24,a40d4a84cae413ca9ae22fa0d5c75440ebb473869454ae91ffb08d86c4f1fa22,7f3e032abd6359b6ad14fce35fa4f735c77c70da7310fe74db3f87ad2b3e8eca,0
2024-10-25,a40d4a84cae413ca9ae22fa0d5c75440ebb473869454ae91ffb08d86c4f1fa22,a40d4a84cae413ca9ae22fa0d5c75440ebb473869454ae91ffb08d86c4f1fa22,1
2024-10-26,a40d4a84cae413ca9ae22fa0d5c75440ebb473869454ae91ffb08d86c4f1fa22,a40d4a84cae413ca9ae22fa0d5c75440ebb473869454ae91ffb08d86c4f1fa22,1
2024-10-27,a40d4a84cae413ca9ae22fa0d5c75440ebb473869454ae91ffb08d86c4f1fa22,a40d4a84cae413ca9ae22fa0d5c75440ebb473869454ae91ffb08d86c4f1fa22,1
2024-10-28,a40d4a84cae413ca9ae22fa0d5c75440ebb473869454ae91ffb08d86c4f1fa22,a40d4a84cae413ca9ae22fa0d5c75440ebb473869454ae91ffb08d86c4f1fa22,1
2024-10-29,a40d4a84cae413ca9ae22fa0d5c75440ebb473869454ae91ffb08d86c4f1fa22,a40d4a84cae413ca9ae22fa0d5c75440ebb473869454ae91ffb08d86c4f1fa22,1
2024-10-30,a40d4a84cae413ca9ae22fa0d5c75440ebb473869454ae91ffb08d86c4f1fa22,a40d4a84cae413ca9ae22fa0d5c75440ebb473869454ae91ffb08d86c4f1fa22,1
2024-10-31,a40d4a84cae413ca9ae22fa0d5c75440ebb473869454ae91ffb08d86c4f1fa22,a40d4a84cae413ca9ae22fa0d5c75440ebb473869454ae91ffb08d86c4f1fa22,1
2024-11-01,a40d4a84cae413ca9ae22fa0d5c75440ebb473869454ae91ffb08d86c4f1fa22,a40d4a84cae413ca9ae22fa0d5c75440ebb473869454ae91ffb08d86c4f1fa22,1
2024-11-02,a40d4a84cae413ca9ae22fa0d5c75440ebb473869454ae91ffb08d86c4f1fa22,a40d4a84cae413ca9ae22fa0d5c75440ebb473869454ae91ffb08d86c4f1fa22,1
2024-11-03,a40d4a84cae413ca9ae22fa0d5c75440ebb473869454ae91ffb08d86c4f1fa22,a40d4a84cae413ca9ae22fa0d5c75440ebb473869454ae91ffb08d86c4f1fa22,1
2024-11-04,9fb837e6716779740d09411c940f2e773bc26426867c3f1757257cf5be6a4ee7,9fb837e6716779740d09411c940f2e773bc26426867c3f1757257cf5be6a4ee7,1
2024-11-05,9fb837e6716779740d09411c940f2e773bc26426867c3f1757257cf5be6a4ee7,9fb837e6716779740d09411c940f2e773bc26426867c3f1757257cf5be6a4ee7,1
2024-11-06,9fb837e6716779740d09411c940f2e773bc26426867c3f1757257cf5be6a4ee7,9fb837e6716779740d09411c940f2e773bc26426867c3f1757257cf5be6a4ee7,1
2024-11-07,ab7715ae2983de50e6a6f8fc527e357cb1b7162b48ed5f1c62ff5826e24d9aac,ab7715ae2983de50e6a6f8fc527e357cb1b7162b48ed5f1c62ff5826e24d9aac,1
2024-11-08,ab7715ae2983de50e6a6f8fc527e357cb1b7162b48ed5f1c62ff5826e24d9aac,ab7715ae2983de50e6a6f8fc527e357cb1b7162b48ed5f1c62ff5826e24d9aac,1
2024-11-09,ab7715ae2983de50e6a6f8fc527e357cb1b7162b48ed5f1c62ff5826e24d9aac,ab7715ae2983de50e6a6f8fc527e357cb1b7162b48ed5f1c62ff5826e24d9aac,1
2024-11-10,ab7715ae2983de50e6a6f8fc527e357cb1b7162b48ed5f1c62ff5826e24d9aac,ab7715ae2983de50e6a6f8fc527e357cb1b7162b48ed5f1c62ff5826e24d9aac,1
2024-11-11,ab7715ae2983de50e6a6f8fc527e357cb1b7162b48ed5f1c62ff5826e24d9aac,ab7715ae2983de50e6a6f8fc527e357cb1b7162b48ed5f1c62ff5826e24d9aac,1
2024-11-12,27095d1446ba2f0ad6b412eeb6973d7d9107ee9b4b1310b1b76914039b0ecc96,ab7715ae2983de50e6a6f8fc527e357cb1b7162b48ed5f1c62ff5826e24d9aac,0
2024-11-13,0dd0a5d98d5e3f54eba4f265bb1c79d74acf5bca318286115aaf66ccc13ab0ab,3ca2f602383c72b3a4215aff2e13876bfe1fd17cbf500049e3ec4ba6c38c6f56,0
2024-11-14,27af5989875d14754a75c553ce01d0b38154c43e3edea13c44874f8babf38186,0dd0a5d98d5e3f54eba4f265bb1c79d74acf5bca318286115aaf66ccc13ab0ab,0
2024-11-15,27af5989875d14754a75c553ce01d0b38154c43e3edea13c44874f8babf38186,27af5989875d14754a75c553ce01d0b38154c43e3edea13c44874f8babf38186,1
2024-11-16,27af5989875d14754a75c553ce01d0b38154c43e3edea13c44874f8babf38186,27af5989875d14754a75c553ce01d0b38154c43e3edea13c44874f8babf38186,1
2024-11-17,27af5989875d14754a75c553ce01d0b38154c43e3edea13c44874f8babf38186,27af5989875d14754a75c553ce01d0b38154c43e3edea13c44874f8babf38186,1
2024-11-18,c8ab2bee8a18053fb2703724d4de6478c0fb774002a8ee043e715ba2db2ab047,27af5989875d14754a75c553ce01d0b38154c43e3edea13c44874f8babf38186,0
2024-11-19,c8ab2bee8a18053fb2703724d4de6478c0fb774002a8ee043e715ba2db2ab047,c8ab2bee8a18053fb2703724d4de6478c0fb774002a8ee043e715ba2db2ab047,1
2024-11-20,41416d17c5b135f5280a95c01c9936377d3296b6e80d814afc6ebbef601241eb,41416d17c5b135f5280a95c01c9936377d3296b6e80d814afc6ebbef601241eb,1
2024-11-21,9231b52777667fae52bae44f27d14008d13589faa44a014f484a67d8d170590f,9231b52777667fae52bae44f27d14008d13589faa44a014f484a67d8d170590f,1
2024-11-22,9231b52777667fae52bae44f27d14008d13589faa44a014f484a67d8d170590f,9231b52777667fae52bae44f27d14008d13589faa44a014f484a67d8d170590f,1
2024-11-23,9231b52777667fae52bae44f27d14008d13589faa44a014f484a67d8d170590f,9231b52777667fae52bae44f27d14008d13589faa44a014f484a67d8d170590f,1
2024-11-24,9231b52777667fae52bae44f27d14008d13589faa44a014f484a67d8d170590f,9231b52777667fae52bae44f27d14008d13589faa44a014f484a67d8d170590f,1
2024-11-25,9fd22d16c26043dfd4be2bb84fdb255f66953062fb19acad0fc9033437c5cde0,fa7f9f552904460d3d08a78dd686875bd4e7f81a674e80145452c256a707cc9c,0
2024-11-26,14b7015e025a9cc408bc5fcb9cc22b1fcadd3f4b0bcd5309cc2159e4cabe388c,b594e2d8150f59258d7e137772317c43ec3650b4032eeb9a6a0053554c9f8560,0
2024-11-27,9fd22d16c26043dfd4be2bb84fdb255f66953062fb19acad0fc9033437c5cde0,c1c8431321246bfce963737d7104b7c70e0b2846030638062e2a6d1f7429c9ca,0
2024-11-28,9fd22d16c26043dfd4be2bb84fdb255f66953062fb19acad0fc9033437c5cde0,9fd22d16c26043dfd4be2bb84fdb255f66953062fb19acad0fc9033437c5cde0,1
2024-11-29,9fd22d16c26043dfd4be2bb84fdb255f66953062fb19acad0fc9033437c5cde0,9fd22d16c26043dfd4be2bb84fdb255f66953062fb19acad0fc9033437c5cde0,1
2024-11-30,9fd22d16c26043dfd4be2bb84fdb255f66953062fb19acad0fc9033437c5cde0,9fd22d16c26043dfd4be2bb84fdb255f66953062fb19acad0fc9033437c5cde0,1
2024-12-01,9fd22d16c26043dfd4be2bb84fdb255f66953062fb19acad0fc9033437c5cde0,9fd22d16c26043dfd4be2bb84fdb255f66953062fb19acad0fc9033437c5cde0,1
2024-12-02,e96487ffb5b203c08b4ae9dee3d3849e8170dac9db5c7a2717a066b5ed114ca5,e96487ffb5b203c08b4ae9dee3d3849e8170dac9db5c7a2717a066b5ed114ca5,1
2024-12-03,a56b669960d23c66aa76572f55cbb9ae8f718ea8565505504342719348c137dd,749c316c2f0b053825c7be6de8d3cf62f2d43794133809aa8355e80721beb9aa,0
2024-12-04,8b160f1163412f50bac222bdc1c915c44465903f076260d9d15493a39827ea7f,8b160f1163412f50bac222bdc1c915c44465903f076260d9d15493a39827ea7f,1
2024-12-05,d94b3a7cc0cb45decf47913f5b4f83c8d378f9935fb3f8a3b762acd7311d4c1b,d94b3a7cc0cb45decf47913f5b4f83c8d378f9935fb3f8a3b762acd7311d4c1b,1
2024-12-06,d94b3a7cc0cb45decf47913f5b4f83c8d378f9935fb3f8a3b762acd7311d4c1b,d94b3a7cc0cb45decf47913f5b4f83c8d378f9935fb3f8a3b762acd7311d4c1b,1
2024-12-07,d94b3a7cc0cb45decf47913f5b4f83c8d378f9935fb3f8a3b762acd7311d4c1b,d94b3a7cc0cb45decf47913f5b4f83c8d378f9935fb3f8a3b762acd7311d4c1b,1
2024-12-08,d94b3a7cc0cb45decf47913f5b4f83c8d378f9935fb3f8a3b762acd7311d4c1b,d94b3a7cc0cb45decf47913f5b4f83c8d378f9935fb3f8a3b762acd7311d4c1b,1
2024-12-09,d94b3a7cc0cb45decf47913f5b4f83c8d378f9935fb3f8a3b762acd7311d4c1b,d94b3a7cc0cb45decf47913f5b4f83c8d378f9935fb3f8a3b762acd7311d4c1b,1
2024-12-10,11815e7fb48265d25df68f7bcb00d228fd85ced2a14b7648912fad28ac6c4d20,d94b3a7cc0cb45decf47913f5b4f83c8d378f9935fb3f8a3b762acd7311d4c1b,0
2024-12-11,11815e7fb48265d25df68f7bcb00d228fd85ced2a14b7648912fad28ac6c4d20,11815e7fb48265d25df68f7bcb00d228fd85ced2a14b7648912fad28ac6c4d20,1
2024-12-12,11815e7fb48265d25df68f7bcb00d228fd85ced2a14b7648912fad28ac6c4d20,11815e7fb48265d25df68f7bcb00d228fd85ced2a14b7648912fad28ac6c4d20,1
2024-12-13,60d48c2c42be47f30970d154eacde0a03988a0414d3edacc0471a0cb0d46e4ba,11815e7fb48265d25df68f7bcb00d228fd85ced2a14b7648912fad28ac6c4d20,0
2024-12-14,60d48c2c42be47f30970d154eacde0a03988a0414d3edacc0471a0cb0d46e4ba,60d48c2c42be47f30970d154eacde0a03988a0414d3edacc0471a0cb0d46e4ba,1
2024-12-15,60d48c2c42be47f30970d154eacde0a03988a0414d3edacc0471a0cb0d46e4ba,60d48c2c42be47f30970d154eacde0a03988a0414d3edacc0471a0cb0d46e4ba,1
2024-12-16,13a662e1fcad180a7788907fa5b14812a64b98abefaadddc59a0aabc0cddb961,13a662e1fcad180a7788907fa5b14812a64b98abefaadddc59a0aabc0cddb961,1
2024-12-17,55dd351ed03aadc32b68da51b2b00d2c672a87c590abe5155384d8a5a6cd4576,55dd351ed03aadc32b68da51b2b00d2c672a87c590abe5155384d8a5a6cd4576,1
2024-12-18,71af7c635ed85ac8e946728d3de9dc842262400fd5379b268538f263b6bebd34,71af7c635ed85ac8e946728d3de9dc842262400fd5379b268538f263b6bebd34,1
2024-12-19,64d0806d3546c0322cfa4e3765a1006ac3faaf95928f4a5452e9d28caa975928,71af7c635ed85ac8e946728d3de9dc842262400fd5379b268538f263b6bebd34,0
2024-12-20,64d0806d3546c0322cfa4e3765a1006ac3faaf95928f4a5452e9d28caa975928,64d0806d3546c0322cfa4e3765a1006ac3faaf95928f4a5452e9d28caa975928,1
2024-12-21,64d0806d3546c0322cfa4e3765a1006ac3faaf95928f4a5452e9d28caa975928,64d0806d3546c0322cfa4e3765a1006ac3faaf95928f4a5452e9d28caa975928,1
2024-12-22,64d0806d3546c0322cfa4e3765a1006ac3faaf95928f4a5452e9d28caa975928,64d0806d3546c0322cfa4e3765a1006ac3faaf95928f4a5452e9d28caa975928,1
2024-12-23,1d18b2727df091366e3ad41797695a93648b40519e3e43dbc743f98e3805e115,1d18b2727df091366e3ad41797695a93648b40519e3e43dbc743f98e3805e115,1
2024-12-24,1d18b2727df091366e3ad41797695a93648b40519e3e43dbc743f98e3805e115,1d18b2727df091366e3ad41797695a93648b40519e3e43dbc743f98e3805e115,1
2024-12-25,1d18b2727df091366e3ad41797695a93648b40519e3e43dbc743f98e3805e115,1d18b2727df091366e3ad41797695a93648b40519e3e43dbc743f98e3805e115,1
2024-12-26,1d18b2727df091366e3ad41797695a93648b40519e3e43dbc743f98e3805e115,1d18b2727df091366e3ad41797695a93648b40519e3e43dbc743f98e3805e115,1
2024-12-27,1d18b2727df091366e3ad41797695a93648b40519e3e43dbc743f98e3805e115,1d18b2727df091366e3ad41797695a93648b40519e3e43dbc743f98e3805e115,1
2024-12-28,1d18b2727df091366e3ad41797695a93648b40519e3e43dbc743f98e3805e115,1d18b2727df091366e3ad41797695a93648b40519e3e43dbc743f98e3805e115,1
2024-12-29,1d18b2727df091366e3ad41797695a93648b40519e3e43dbc743f98e3805e115,1d18b2727df091366e3ad41797695a93648b40519e3e43dbc743f98e3805e115,1
2024-12-30,f3dbb1e5284969ad540ff2531c82094b79f060aa0f384533fb08a457c4855858,f3dbb1e5284969ad540ff2531c82094b79f060aa0f384533fb08a457c4855858,1
2024-12-31,f3dbb1e5284969ad540ff2531c82094b79f060aa0f384533fb08a457c4855858,f3dbb1e5284969ad540ff2531c82094b79f060aa0f384533fb08a457c4855858,1
2025-01-01,f3dbb1e5284969ad540ff2531c82094b79f060aa0f384533fb08a457c4855858,f3dbb1e5284969ad540ff2531c82094b79f060aa0f384533fb08a457c4855858,1
2025-01-02,224009b5ed26872395f8cd87237a78e1a22bf46b01546001f19edecd79b78e84,224009b5ed26872395f8cd87237a78e1a22bf46b01546001f19edecd79b78e84,1
2025-01-03,6dd7a257578f0a3fffc77a949df8122e0bb1a651d71d186d6b50d8bf59dff630,224009b5ed26872395f8cd87237a78e1a22bf46b01546001f19edecd79b78e84,0
2025-01-04,6dd7a257578f0a3fffc77a949df8122e0bb1a651d71d186d6b50d8bf59dff630,6dd7a257578f0a3fffc77a949df8122e0bb1a651d71d186d6b50d8bf59dff630,1
2025-01-05,6dd7a257578f0a3fffc77a949df8122e0bb1a651d71d186d6b50d8bf59dff630,6dd7a257578f0a3fffc77a949df8122e0bb1a651d71d186d6b50d8bf59dff630,1
2025-01-06,6dd7a257578f0a3fffc77a949df8122e0bb1a651d71d186d6b50d8bf59dff630,6dd7a257578f0a3fffc77a949df8122e0bb1a651d71d186d6b50d8bf59dff630,1
2025-01-07,ba5bbe64a2ec0849010f03bc04bf196abe9d0d57c9482456f6522eafed200087,ba5bbe64a2ec0849010f03bc04bf196abe9d0d57c9482456f6522eafed200087,1
2025-01-08,1c192f925fc3781055acc18a5212decefb3a6f32776219128f6f0f1f5d049dcb,ba5bbe64a2ec0849010f03bc04bf196abe9d0d57c9482456f6522eafed200087,0
2025-01-09,e92a23fcf4e7f42b31a4b45e3ed603744559c133628f6a3ac56dc47fcca011d0,e92a23fcf4e7f42b31a4b45e3ed603744559c133628f6a3ac56dc47fcca011d0,1
2025-01-10,e92a23fcf4e7f42b31a4b45e3ed603744559c133628f6a3ac56dc47fcca011d0,e92a23fcf4e7f42b31a4b45e3ed603744559c133628f6a3ac56dc47fcca011d0,1
2025-01-11,e92a23fcf4e7f42b31a4b45e3ed603744559c133628f6a3ac56dc47fcca011d0,e92a23fcf4e7f42b31a4b45e3ed603744559c133628f6a3ac56dc47fcca011d0,1
2025-01-12,e92a23fcf4e7f42b31a4b45e3ed603744559c133628f6a3ac56dc47fcca011d0,e92a23fcf4e7f42b31a4b45e3ed603744559c133628f6a3ac56dc47fcca011d0,1
2025-01-13,d1affd34f5664f4ad3ae5a7ce6b54d41d547115e4d77151317977f5ab22d971c,d1affd34f5664f4ad3ae5a7ce6b54d41d547115e4d77151317977f5ab22d971c,1
2025-01-14,2eb486fc5d912ed9a9060ffd31a7b7a277bef36ac89ebba6dbd43d185643e6c1,d1affd34f5664f4ad3ae5a7ce6b54d41d547115e4d77151317977f5ab22d971c,0
2025-01-15,2eb486fc5d912ed9a9060ffd31a7b7a277bef36ac89ebba6dbd43d185643e6c1,2eb486fc5d912ed9a9060ffd31a7b7a277bef36ac89ebba6dbd43d185643e6c1,1
2025-01-16,0d83f95ad9a10b1b6801930ed1eaf8fa55a6f649b1690558e5279f284f0916e1,0d83f95ad9a10b1b6801930ed1eaf8fa55a6f649b1690558e5279f284f0916e1,1
2025-01-17,0d83f95ad9a10b1b6801930ed1eaf8fa55a6f649b1690558e5279f284f0916e1,0d83f95ad9a10b1b6801930ed1eaf8fa55a6f649b1690558e5279f284f0916e1,1
2025-01-18,0d83f95ad9a10b1b6801930ed1eaf8fa55a6f649b1690558e5279f284f0916e1,0d83f95ad9a10b1b6801930ed1eaf8fa55a6f649b1690558e5279f284f0916e1,1
2025-01-19,0d83f95ad9a10b1b6801930ed1eaf8fa55a6f649b1690558e5279f284f0916e1,0d83f95ad9a10b1b6801930ed1eaf8fa55a6f649b1690558e5279f284f0916e1,1
2025-01-20,0d83f95ad9a10b1b6801930ed1eaf8fa55a6f649b1690558e5279f284f0916e1,0d83f95ad9a10b1b6801930ed1eaf8fa55a6f649b1690558e5279f284f0916e1,1
2025-01-21,0d83f95ad9a10b1b6801930ed1eaf8fa55a6f649b1690558e5279f284f0916e1,0d83f95ad9a10b1b6801930ed1eaf8fa55a6f649b1690558e5279f284f0916e1,1
2025-01-22,73e53a7c03bdf015fd790a05c388c391dd39826558263f3b97bbf684f37f5a74,0d83f95ad9a10b1b6801930ed1eaf8fa55a6f649b1690558e5279f284f0916e1,0
2025-01-23,2eb2880766a68554aeebf2e1b8722ed948847a5c2e8f607b3eebcf75ad423621,2eb2880766a68554aeebf2e1b8722ed948847a5c2e8f607b3eebcf75ad423621,1
2025-01-24,bfc608cd6e64172e89491d1caf2ca315020ce74c3e88adf32a417177b7317000,bfc608cd6e64172e89491d1caf2ca315020ce74c3e88adf32a417177b7317000,1
2025-01-25,bfc608cd6e64172e89491d1caf2ca315020ce74c3e88adf32a417177b7317000,bfc608cd6e64172e89491d1caf2ca315020ce74c3e88adf32a417177b7317000,1
2025-01-26,bfc608cd6e64172e89491d1caf2ca315020ce74c3e88adf32a417177b7317000,bfc608cd6e64172e89491d1caf2ca315020ce74c3e88adf32a417177b7317000,1
2025-01-27,bfc608cd6e64172e89491d1caf2ca315020ce74c3e88adf32a417177b7317000,bfc608cd6e64172e89491d1caf2ca315020ce74c3e88adf32a417177b7317000,1
2025-01-28,bfc608cd6e64172e89491d1caf2ca315020ce74c3e88adf32a417177b7317000,bfc608cd6e64172e89491d1caf2ca315020ce74c3e88adf32a417177b7317000,1
2025-01-29,53e9105629f3ddd70f3282710f08a084ac9abb75e985d3fc3f9964487cb3f691,53e9105629f3ddd70f3282710f08a084ac9abb75e985d3fc3f9964487cb3f691,1
2025-01-30,53e9105629f3ddd70f3282710f08a084ac9abb75e985d3fc3f9964487cb3f691,53e9105629f3ddd70f3282710f08a084ac9abb75e985d3fc3f9964487cb3f691,1
2025-01-31,53e9105629f3ddd70f3282710f08a084ac9abb75e985d3fc3f9964487cb3f691,53e9105629f3ddd70f3282710f08a084ac9abb75e985d3fc3f9964487cb3f691,1
2025-02-01,53e9105629f3ddd70f3282710f08a084ac9abb75e985d3fc3f9964487cb3f691,53e9105629f3ddd70f3282710f08a084ac9abb75e985d3fc3f9964487cb3f691,1
2025-02-02,53e9105629f3ddd70f3282710f08a084ac9abb75e985d3fc3f9964487cb3f691,53e9105629f3ddd70f3282710f08a084ac9abb75e985d3fc3f9964487cb3f691,1
2025-02-03,53e9105629f3ddd70f3282710f08a084ac9abb75e985d3fc3f9964487cb3f691,53e9105629f3ddd70f3282710f08a084ac9abb75e985d3fc3f9964487cb3f691,1
2025-02-04,e2ebfbb5977fc8753b80631aaded96261b0261b4b24c71003189958757d7f9fe,e2ebfbb5977fc8753b80631aaded96261b0261b4b24c71003189958757d7f9fe,1
2025-02-05,f99dea50f65876e7bed8d4ff5bcb5a2f3c6438bbb0b383759f9104bff0eb0aea,abb75b8b5f962fe079a2b8206c7a52b7891f44a38e0ef478fb058317c242204c,0
2025-02-06,a1b3cfaed4252c20cb291cb031814f7df2ddf891757a723daa854ad08f455085,a1b3cfaed4252c20cb291cb031814f7df2ddf891757a723daa854ad08f455085,1
2025-02-07,43e54b3405deba32b233f6af9deea4662d25e5095d789152bf99d98a0034e8ea,a1b3cfaed4252c20cb291cb031814f7df2ddf891757a723daa854ad08f455085,0
2025-02-08,43e54b3405deba32b233f6af9deea4662d25e5095d789152bf99d98a0034e8ea,43e54b3405deba32b233f6af9deea4662d25e5095d789152bf99d98a0034e8ea,1
2025-02-09,43e54b3405deba32b233f6af9deea4662d25e5095d789152bf99d98a0034e8ea,43e54b3405deba32b233f6af9deea4662d25e5095d789152bf99d98a0034e8ea,1
2025-02-10,43e54b3405deba32b233f6af9deea4662d25e5095d789152bf99d98a0034e8ea,43e54b3405deba32b233f6af9deea4662d25e5095d789152bf99d98a0034e8ea,1
2025-02-11,380dc2dca487d2a2810858905cf45abb64044d9f31104cd2a88132175d96c53b,43e54b3405deba32b233f6af9deea4662d25e5095d789152bf99d98a0034e8ea,0
2025-02-12,0449bb8a65e79339b10542135a994a18bb60515ca56cb8883a7214f6c638d03e,0449bb8a65e79339b10542135a994a18bb60515ca56cb8883a7214f6c638d03e,1
2025-02-13,d74e49a81947d0f4dcd388bbf46b06e7467f99b8ba1617de7338a1d61b992d2d,d74e49a81947d0f4dcd388bbf46b06e7467f99b8ba1617de7338a1d61b992d2d,1
2025-02-14,d74e49a81947d0f4dcd388bbf46b06e7467f99b8ba1617de7338a1d61b992d2d,d74e49a81947d0f4dcd388bbf46b06e7467f99b8ba1617de7338a1d61b992d2d,1
2025-02-15,57e179cfcc05c7a77dc2933d08f417eaf4806061553c2529fca18098e0ce2f92,d74e49a81947d0f4dcd388bbf46b06e7467f99b8ba1617de7338a1d61b992d2d,0
2025-02-16,57e179cfcc05c7a77dc2933d08f417eaf4806061553c2529fca18098e0ce2f92,57e179cfcc05c7a77dc2933d08f417eaf4806061553c2529fca18098e0ce2f92,1
2025-02-17,57e179cfcc05c7a77dc2933d08f417eaf4806061553c2529fca18098e0ce2f92,57e179cfcc05c7a77dc2933d08f417eaf4806061553c2529fca18098e0ce2f92,1
2025-02-18,1f435255e7eae21725c69770734d471204f8d0a71da08e3ec2bbb411f3cfe370,a7c1c48e7835f23864f3d4d2c6481ae03eb2d530c6e3f8c86aa14dd0587a929e,0
2025-02-19,84f1ff6acae890966e98eb0663d15a74f757e0bbcf60eae2120c7a94aed5bab0,84f1ff6acae890966e98eb0663d15a74f757e0bbcf60eae2120c7a94aed5bab0,1
2025-02-20,bc894c3efefa414ee4c91fc93c0f1e6c0e32fd5c1235081d948f8b33c5c82d5d,bc894c3efefa414ee4c91fc93c0f1e6c0e32fd5c1235081d948f8b33c5c82d5d,1
2025-02-21,1f86642e65403cae90a833aabad80a4a9379d2fc782d64829a103b414452a6c8,1f86642e65403cae90a833aabad80a4a9379d2fc782d64829a103b414452a6c8,1
2025-02-22,1f86642e65403cae90a833aabad80a4a9379d2fc782d64829a103b414452a6c8,1f86642e65403cae90a833aabad80a4a9379d2fc782d64829a103b414452a6c8,1
2025-02-23,1f86642e65403cae90a833aabad80a4a9379d2fc782d64829a103b414452a6c8,1f86642e65403cae90a833aabad80a4a9379d2fc782d64829a103b414452a6c8,1
2025-02-24,6d05dcf85658e2f1e95ed0c5836a804b7b78f40f00a1c006e7e34162ee0a0fbc,d47f531226450752c9ff37cbea3ba47fdcf5d4c6681e6bb38a68bfb2d58efe31,0
2025-02-25,3035c51a924f98e1ecb5b6ccd857b593e88de0c696672dfe0a092465778d335a,6f805022f5481d0a84bb3a47d5c6856e29992f7c51bc154f8ed8f96ee2f497b9,0
2025-02-26,c194fa5a95df7279da191c9ab58394f7994fc20a18c54cc2ad07e0784f850307,c194fa5a95df7279da191c9ab58394f7994fc20a18c54cc2ad07e0784f850307,1
2025-02-27,c194fa5a95df7279da191c9ab58394f7994fc20a18c54cc2ad07e0784f850307,c194fa5a95df7279da191c9ab58394f7994fc20a18c54cc2ad07e0784f850307,1
2025-02-28,c194fa5a95df7279da191c9ab58394f7994fc20a18c54cc2ad07e0784f850307,c194fa5a95df7279da191c9ab58394f7994fc20a18c54cc2ad07e0784f850307,1
2025-03-01,c194fa5a95df7279da191c9ab58394f7994fc20a18c54cc2ad07e0784f850307,c194fa5a95df7279da191c9ab58394f7994fc20a18c54cc2ad07e0784f850307,1
2025-03-02,c194fa5a95df7279da191c9ab58394f7994fc20a18c54cc2ad07e0784f850307,c194fa5a95df7279da191c9ab58394f7994fc20a18c54cc2ad07e0784f850307,1
2025-03-03,75dc23619c7eab04aab0fd1c5970d9b936a3a69ba80a6fc80a46218cd4690291,216ce3bcea09bf48d967eb556535964e3e22b485165319d74e8ad3e368707b40,0
2025-03-04,f59c673c13d4770b1071512d75bc19f3f8cb0b98e3afcb548b55b3e7f10ea0a3,f59c673c13d4770b1071512d75bc19f3f8cb0b98e3afcb548b55b3e7f10ea0a3,1
2025-03-05,f59c673c13d4770b1071512d75bc19f3f8cb0b98e3afcb548b55b3e7f10ea0a3,f59c673c13d4770b1071512d75bc19f3f8cb0b98e3afcb548b55b3e7f10ea0a3,1
2025-03-06,f59c673c13d4770b1071512d75bc19f3f8cb0b98e3afcb548b55b3e7f10ea0a3,f59c673c13d4770b1071512d75bc19f3f8cb0b98e3afcb548b55b3e7f10ea0a3,1
2025-03-07,f59c673c13d4770b1071512d75bc19f3f8cb0b98e3afcb548b55b3e7f10ea0a3,f59c673c13d4770b1071512d75bc19f3f8cb0b98e3afcb548b55b3e7f10ea0a3,1
2025-03-08,f59c673c13d4770b1071512d75bc19f3f8cb0b98e3afcb548b55b3e7f10ea0a3,f59c673c13d4770b1071512d75bc19f3f8cb0b98e3afcb548b55b3e7f10ea0a3,1
2025-03-09,f59c673c13d4770b1071512d75bc19f3f8cb0b98e3afcb548b55b3e7f10ea0a3,f59c673c13d4770b1071512d75bc19f3f8cb0b98e3afcb548b55b3e7f10ea0a3,1
2025-03-10,60dc7e819690561662a6cfe83cf25f5498d41165802a5ce19d6c09a9252e4a03,60dc7e819690561662a6cfe83cf25f5498d41165802a5ce19d6c09a9252e4a03,1
2025-03-11,308fa2cc97338a7fd80d1b4f768ad921eb1d7dcc5637cbf8fbe9479fdd4029ba,308fa2cc97338a7fd80d1b4f768ad921eb1d7dcc5637cbf8fbe9479fdd4029ba,1
2025-03-12,308fa2cc97338a7fd80d1b4f768ad921eb1d7dcc5637cbf8fbe9479fdd4029ba,308fa2cc97338a7fd80d1b4f768ad921eb1d7dcc5637cbf8fbe9479fdd4029ba,1
2025-03-13,b72fc221a463b7ffc931f814f38e815a9457403a5b624a0d8d82ca193079ccf8,c6fe649154e76f43cb218c12ced202595edd6a11f45253a62cc1b49fe559bf49,0
2025-03-14,b72fc221a463b7ffc931f814f38e815a9457403a5b624a0d8d82ca193079ccf8,b72fc221a463b7ffc931f814f38e815a9457403a5b624a0d8d82ca193079ccf8,1
2025-03-15,b72fc221a463b7ffc931f814f38e815a9457403a5b624a0d8d82ca193079ccf8,b72fc221a463b7ffc931f814f38e815a9457403a5b624a0d8d82ca193079ccf8,1
2025-03-16,b72fc221a463b7ffc931f814f38e815a9457403a5b624a0d8d82ca193079ccf8,b72fc221a463b7ffc931f814f38e815a9457403a5b624a0d8d82ca193079ccf8,1
2025-03-17,0dcbb0689a7eeb157de9d3d8ec444814a74bbe31fe5a1260da4925e102739f5c,0dcbb0689a7eeb157de9d3d8ec444814a74bbe31fe5a1260da4925e102739f5c,1
2025-03-18,b73c7e45c3a579df035b04fa4dc62d501df6411c6b177a66d1c7e749f119d304,0dcbb0689a7eeb157de9d3d8ec444814a74bbe31fe5a1260da4925e102739f5c,0
2025-03-19,b39466880cc44d1af2fad99bb98fbecf6d4e306d273e3b449f13b8ffe2adce29,b73c7e45c3a579df035b04fa4dc62d501df6411c6b177a66d1c7e749f119d304,0
2025-03-20,b39466880cc44d1af2fad99bb98fbecf6d4e306d273e3b449f13b8ffe2adce29,b39466880cc44d1af2fad99bb98fbecf6d4e306d273e3b449f13b8ffe2adce29,1
2025-03-21,d8a8a976249350bf2f3894a6f8ab80e1a5ea1b7157c88e1a4dbf827e91d74262,d8a8a976249350bf2f3894a6f8ab80e1a5ea1b7157c88e1a4dbf827e91d74262,1
2025-03-22,d8a8a976249350bf2f3894a6f8ab80e1a5ea1b7157c88e1a4dbf827e91d74262,d8a8a976249350bf2f3894a6f8ab80e1a5ea1b7157c88e1a4dbf827e91d74262,1
2025-03-23,d8a8a976249350bf2f3894a6f8ab80e1a5ea1b7157c88e1a4dbf827e91d74262,d8a8a976249350bf2f3894a6f8ab80e1a5ea1b7157c88e1a4dbf827e91d74262,1
2025-03-24,565cdc946b0d9ebe177df62c23fdb6fd91e82e79fd7a2c5f5dfdb5b6946eab34,d8a8a976249350bf2f3894a6f8ab80e1a5ea1b7157c88e1a4dbf827e91d74262,0
2025-03-25,565cdc946b0d9ebe177df62c23fdb6fd91e82e79fd7a2c5f5dfdb5b6946eab34,565cdc946b0d9ebe177df62c23fdb6fd91e82e79fd7a2c5f5dfdb5b6946eab34,1
2025-03-26,efc02f828f7f3f96b3482f995738dd2bebc1cd7893db3df970dd9333cb4a2a0f,c13bc6c148fd7ec3b54d8de5c882a76fb35871d4f5c7df0d99da2101d306fa45,0
2025-03-27,c31b4b8af97e63c4fcb8d823d7740ec191eaf0970b216c38b1ed09ff21899ce5,efc02f828f7f3f96b3482f995738dd2bebc1cd7893db3df970dd9333cb4a2a0f,0
2025-03-28,8f78475e340e9719f339978bbf87924396ced8b429d2102a2905d3cb16af4120,8f78475e340e9719f339978bbf87924396ced8b429d2102a2905d3cb16af4120,1
2025-03-29,8f78475e340e9719f339978bbf87924396ced8b429d2102a2905d3cb16af4120,8f78475e340e9719f339978bbf87924396ced8b429d2102a2905d3cb16af4120,1
2025-03-30,8f78475e340e9719f339978bbf87924396ced8b429d2102a2905d3cb16af4120,8f78475e340e9719f339978bbf87924396ced8b429d2102a2905d3cb16af4120,1
2025-03-31,35823149b421051320c6849cc90c1de55ad63c6f40684dae58b5bf80640db206,9b49a1a4bbd18a6b072a51c63fa7a0ea1dc16e1833746af10b9442de1308af68,0
2025-04-01,426d650bfb9053dad6be17c270cc8254cb999511416d39da95b08f948f50721d,35823149b421051320c6849cc90c1de55ad63c6f40684dae58b5bf80640db206,0
2025-04-02,426d650bfb9053dad6be17c270cc8254cb999511416d39da95b08f948f50721d,426d650bfb9053dad6be17c270cc8254cb999511416d39da95b08f948f50721d,1
2025-04-03,a2984f1b840a874ccabaa410ce1027240fa1d76c1be8e78c3321612b4af4511c,a2984f1b840a874ccabaa410ce1027240fa1d76c1be8e78c3321612b4af4511c,1
2025-04-04,5fed6d17ad3a04007e2af36665a3f4a6fac6935de5e6c3b3899eb614a060be36,a2984f1b840a874ccabaa410ce1027240fa1d76c1be8e78c3321612b4af4511c,0
2025-04-05,5fed6d17ad3a04007e2af36665a3f4a6fac6935de5e6c3b3899eb614a060be36,5fed6d17ad3a04007e2af36665a3f4a6fac6935de5e6c3b3899eb614a060be36,1
2025-04-06,5fed6d17ad3a04007e2af36665a3f4a6fac6935de5e6c3b3899eb614a060be36,5fed6d17ad3a04007e2af36665a3f4a6fac6935de5e6c3b3899eb614a060be36,1
2025-04-07,3e615883233a6fcbd3681af1c11e62375f48140d827d804db25e23cdf27d7111,e1560049c5258b8d53de1292969da19c51a219b1b90abba4e41eb385ae3ddc4d,0
2025-04-08,6f82e2f0646f62496a22c260edf0743c643e8085e9cbbbd36f05a022504ac1b1,3e615883233a6fcbd3681af1c11e62375f48140d827d804db25e23cdf27d7111,0
2025-04-09,a819cdfa75fbbc58f7a583dd54e6c902c8343689770623fc5642d3156e509e19,81b2679dd53176204176d94267dbee5186cfcd90737afd272d4ec203d4dd8043,0
2025-04-10,a819cdfa75fbbc58f7a583dd54e6c902c8343689770623fc5642d3156e509e19,a819cdfa75fbbc58f7a583dd54e6c902c8343689770623fc5642d3156e509e19,1
2025-04-11,821df4767cd58953b999b95b35ac03be18f9ece7ab85da3a6ee2b0eb79fa0efe,a819cdfa75fbbc58f7a583dd54e6c902c8343689770623fc5642d3156e509e19,0
2025-04-12,821df4767cd58953b999b95b35ac03be18f9ece7ab85da3a6ee2b0eb79fa0efe,821df4767cd58953b999b95b35ac03be18f9ece7ab85da3a6ee2b0eb79fa0efe,1
2025-04-13,821df4767cd58953b999b95b35ac03be18f9ece7ab85da3a6ee2b0eb79fa0efe,821df4767cd58953b999b95b35ac03be18f9ece7ab85da3a6ee2b0eb79fa0efe,1
2025-04-14,38ed1808af2c655fe2ece89bad4cc87dd4d941ec8bdcde1384971c92d3476b3f,38ed1808af2c655fe2ece89bad4cc87dd4d941ec8bdcde1384971c92d3476b3f,1
2025-04-15,38ed1808af2c655fe2ece89bad4cc87dd4d941ec8bdcde1384971c92d3476b3f,38ed1808af2c655fe2ece89bad4cc87dd4d941ec8bdcde1384971c92d3476b3f,1
2025-04-16,d83491aa2759779cf683572da09572f507a45be6e81b4f0db63d1a4719436ea3,d83491aa2759779cf683572da09572f507a45be6e81b4f0db63d1a4719436ea3,1
2025-04-17,86a10735d95ca4496c5899a7d9c6cdefd0535cf16f52fee55c444df3fe294efe,86a10735d95ca4496c5899a7d9c6cdefd0535cf16f52fee55c444df3fe294efe,1
2025-04-18,86a10735d95ca4496c5899a7d9c6cdefd0535cf16f52fee55c444df3fe294efe,86a10735d95ca4496c5899a7d9c6cdefd0535cf16f52fee55c444df3fe294efe,1
2025-04-19,86a10735d95ca4496c5899a7d9c6cdefd0535cf16f52fee55c444df3fe294efe,86a10735d95ca4496c5899a7d9c6cdefd0535cf16f52fee55c444df3fe294efe,1
2025-04-20,86a10735d95ca4496c5899a7d9c6cdefd0535cf16f52fee55c444df3fe294efe,86a10735d95ca4496c5899a7d9c6cdefd0535cf16f52fee55c444df3fe294efe,1
2025-04-21,5a03d6c778f1538ba0be9d6f6ab09a6176dd290bf005e214e5b45eca1feca805,5a03d6c778f1538ba0be9d6f6ab09a6176dd290bf005e214e5b45eca1feca805,1
2025-04-22,5a03d6c778f1538ba0be9d6f6ab09a6176dd290bf005e214e5b45eca1feca805,5a03d6c778f1538ba0be9d6f6ab09a6176dd290bf005e214e5b45eca1feca805,1
2025-04-23,5a03d6c778f1538ba0be9d6f6ab09a6176dd290bf005e214e5b45eca1feca805,5a03d6c778f1538ba0be9d6f6ab09a6176dd290bf005e214e5b45eca1feca805,1
2025-04-24,5a03d6c778f1538ba0be9d6f6ab09a6176dd290bf005e214e5b45eca1feca805,5a03d6c778f1538ba0be9d6f6ab09a6176dd290bf005e214e5b45eca1feca805,1
2025-04-25,4feb6ef592a413033eaa46a57c8669282165748ffb6f438ff2058db2a93c8ce6,5a03d6c778f1538ba0be9d6f6ab09a6176dd290bf005e214e5b45eca1feca805,0
2025-04-26,4feb6ef592a413033eaa46a57c8669282165748ffb6f438ff2058db2a93c8ce6,4feb6ef592a413033eaa46a57c8669282165748ffb6f438ff2058db2a93c8ce6,1
2025-04-27,4feb6ef592a413033eaa46a57c8669282165748ffb6f438ff2058db2a93c8ce6,4feb6ef592a413033eaa46a57c8669282165748ffb6f438ff2058db2a93c8ce6,1
2025-04-28,afa0961b8830575deb1c5679990d6b8fa9e7e6322a58f98f0ef41da6f8a61a5f,afa0961b8830575deb1c5679990d6b8fa9e7e6322a58f98f0ef41da6f8a61a5f,1
2025-04-29,2012b9eae5f2cb536e1af9cd483807982a2b1b64c4c7bb520aef3846526accc9,2012b9eae5f2cb536e1af9cd483807982a2b1b64c4c7bb520aef3846526accc9,1
2025-04-30,2012b9eae5f2cb536e1af9cd483807982a2b1b64c4c7bb520aef3846526accc9,2012b9eae5f2cb536e1af9cd483807982a2b1b64c4c7bb520aef3846526accc9,1
2025-05-01,62f463a85de5fc3861b0b52c398c0988e426a08673685a7bbf47324b878b3a2d,62f463a85de5fc3861b0b52c398c0988e426a08673685a7bbf47324b878b3a2d,1
2025-05-02,8f5edc054c647471d9bb91700a95b4e51d49bc0b48e2d23ad1c4add6ec66192a,8f5edc054c647471d9bb91700a95b4e51d49bc0b48e2d23ad1c4add6ec66192a,1
2025-05-03,8f5edc054c647471d9bb91700a95b4e51d49bc0b48e2d23ad1c4add6ec66192a,8f5edc054c647471d9bb91700a95b4e51d49bc0b48e2d23ad1c4add6ec66192a,1
2025-05-04,8f5edc054c647471d9bb91700a95b4e51d49bc0b48e2d23ad1c4add6ec66192a,8f5edc054c647471d9bb91700a95b4e51d49bc0b48e2d23ad1c4add6ec66192a,1
2025-05-05,d919bbe61c3d4a7637d9249e9305aa78e9696d4d507be633c35a7e5b279a8237,d919bbe61c3d4a7637d9249e9305aa78e9696d4d507be633c35a7e5b279a8237,1
2025-05-06,6a9d83c8c70ddf7ea307499edf4e02096121109011dc3c4d819729614aaa71f8,6a9d83c8c70ddf7ea307499edf4e02096121109011dc3c4d819729614aaa71f8,1
2025-05-07,dfa70db42bcffc5c392282b949489628113c52571906e3feeb616c1377fd00ef,dfa70db42bcffc5c392282b949489628113c52571906e3feeb616c1377fd00ef,1
2025-05-08,a2b5e959bd8b168f1f4758ed751297174c80f6cdc3672f4a7b7bf06346ae13a9,a2b5e959bd8b168f1f4758ed751297174c80f6cdc3672f4a7b7bf06346ae13a9,1
2025-05-09,a2b5e959bd8b168f1f4758ed751297174c80f6cdc3672f4a7b7bf06346ae13a9,a2b5e959bd8b168f1f4758ed751297174c80f6cdc3672f4a7b7bf06346ae13a9,1
2025-05-10,a2b5e959bd8b168f1f4758ed751297174c80f6cdc3672f4a7b7bf06346ae13a9,a2b5e959bd8b168f1f4758ed751297174c80f6cdc3672f4a7b7bf06346ae13a9,1
2025-05-11,a2b5e959bd8b168f1f4758ed751297174c80f6cdc3672f4a7b7bf06346ae13a9,a2b5e959bd8b168f1f4758ed751297174c80f6cdc3672f4a7b7bf06346ae13a9,1
2025-05-12,67116f2777fcc654fa30e1368ddbadb95c4470870f383fd82c1b5324ab3845be,09cad06f92f2d97769b7e8891353c4d81c8f94ba695d797fa4e14065d0e4fcd4,0
2025-05-13,6ad2bf5dd62ec62fa49174a3da33211ed3be6a6c680300827ebdfe05d4f0b4ef,67116f2777fcc654fa30e1368ddbadb95c4470870f383fd82c1b5324ab3845be,0
2025-05-14,083daeda0e7c735af834effe38ee4377b14315b64e258436f39802cf3faec658,f17490e9c237f370b6422632afd18a058d3d9a1fde5710081815fec24c8ccb73,0
2025-05-15,4dbd864a437d89e7906e4cdadfdf049a63839a5da2db3a41e1be896cf90bc929,4dbd864a437d89e7906e4cdadfdf049a63839a5da2db3a41e1be896cf90bc929,1
2025-05-16,4dbd864a437d89e7906e4cdadfdf049a63839a5da2db3a41e1be896cf90bc929,4dbd864a437d89e7906e4cdadfdf049a63839a5da2db3a41e1be896cf90bc929,1
2025-05-17,4dbd864a437d89e7906e4cdadfdf049a63839a5da2db3a41e1be896cf90bc929,4dbd864a437d89e7906e4cdadfdf049a63839a5da2db3a41e1be896cf90bc929,1
2025-05-18,4dbd864a437d89e7906e4cdadfdf049a63839a5da2db3a41e1be896cf90bc929,4dbd864a437d89e7906e4cdadfdf049a63839a5da2db3a41e1be896cf90bc929,1
2025-05-19,9299f6693f879cb39cfb8c9ebc71a8e4edc6f9db271d331fe89d4d0a64b3dcc0,9299f6693f879cb39cfb8c9ebc71a8e4edc6f9db271d331fe89d4d0a64b3dcc0,1
2025-05-20,9299f6693f879cb39cfb8c9ebc71a8e4edc6f9db271d331fe89d4d0a64b3dcc0,9299f6693f879cb39cfb8c9ebc71a8e4edc6f9db271d331fe89d4d0a64b3dcc0,1
2025-05-21,9299f6693f879cb39cfb8c9ebc71a8e4edc6f9db271d331fe89d4d0a64b3dcc0,9299f6693f879cb39cfb8c9ebc71a8e4edc6f9db271d331fe89d4d0a64b3dcc0,1
2025-05-22,66bc82c042e223dc78438f83d9d56488c934b1c177fc7ab91a6775144ed5c00c,66bc82c042e223dc78438f83d9d56488c934b1c177fc7ab91a6775144ed5c00c,1
2025-05-23,66bc82c042e223dc78438f83d9d56488c934b1c177fc7ab91a6775144ed5c00c,66bc82c042e223dc78438f83d9d56488c934b1c177fc7ab91a6775144ed5c00c,1
2025-05-24,66bc82c042e223dc78438f83d9d56488c934b1c177fc7ab91a6775144ed5c00c,66bc82c042e223dc78438f83d9d56488c934b1c177fc7ab91a6775144ed5c00c,1
2025-05-25,66bc82c042e223dc78438f83d9d56488c934b1c177fc7ab91a6775144ed5c00c,66bc82c042e223dc78438f83d9d56488c934b1c177fc7ab91a6775144ed5c00c,1
2025-05-26,66bc82c042e223dc78438f83d9d56488c934b1c177fc7ab91a6775144ed5c00c,66bc82c042e223dc78438f83d9d56488c934b1c177fc7ab91a6775144ed5c00c,1
2025-05-27,477a26710769335563bf1a1adc126272a09556f40a80bc035d02572d616bcf70,477a26710769335563bf1a1adc126272a09556f40a80bc035d02572d616bcf70,1
2025-05-28,477a26710769335563bf1a1adc126272a09556f40a80bc035d02572d616bcf70,477a26710769335563bf1a1adc126272a09556f40a80bc035d02572d616bcf70,1
2025-05-29,22e5cb2efe8e82c6fcc28dd3109d533445decb6e776ca46e6b673c6054f8f824,22e5cb2efe8e82c6fcc28dd3109d533445decb6e776ca46e6b673c6054f8f824,1
2025-05-30,76e4613325a400bc8cd6a057411d49bce67e6f77561a35664391a33f9c760607,22e5cb2efe8e82c6fcc28dd3109d533445decb6e776ca46e6b673c6054f8f824,0
2025-05-31,76e4613325a400bc8cd6a057411d49bce67e6f77561a35664391a33f9c760607,76e4613325a400bc8cd6a057411d49bce67e6f77561a35664391a33f9c760607,1
2025-06-01,76e4613325a400bc8cd6a057411d49bce67e6f77561a35664391a33f9c760607,76e4613325a400bc8cd6a057411d49bce67e6f77561a35664391a33f9c760607,1
2025-06-02,4c90de4c6ff64e7eeb078e23117d7b3f50d2d78da6806a731d09c7ac14b67ee2,4c90de4c6ff64e7eeb078e23117d7b3f50d2d78da6806a731d09c7ac14b67ee2,1
2025-06-03,2a2fb42b0b249c6d886486100fe1b70460c27f5b75baab36174f99924414e1f6,2a2fb42b0b249c6d886486100fe1b70460c27f5b75baab36174f99924414e1f6,1
2025-06-04,2a2fb42b0b249c6d886486100fe1b70460c27f5b75baab36174f99924414e1f6,2a2fb42b0b249c6d886486100fe1b70460c27f5b75baab36174f99924414e1f6,1
2025-06-05,c2c693a4ba7c9ab3ee253f68cbd307c3d87fe6c84bc0c9307588891eac511bef,2ed53333e94485b53a482f340bf255e9374c5d766428fc5059b5e23ffa5134c0,0
2025-06-06,c2c693a4ba7c9ab3ee253f68cbd307c3d87fe6c84bc0c9307588891eac511bef,c2c693a4ba7c9ab3ee253f68cbd307c3d87fe6c84bc0c9307588891eac511bef,1
2025-06-07,c2c693a4ba7c9ab3ee253f68cbd307c3d87fe6c84bc0c9307588891eac511bef,c2c693a4ba7c9ab3ee253f68cbd307c3d87fe6c84bc0c9307588891eac511bef,1
2025-06-08,c2c693a4ba7c9ab3ee253f68cbd307c3d87fe6c84bc0c9307588891eac511bef,c2c693a4ba7c9ab3ee253f68cbd307c3d87fe6c84bc0c9307588891eac511bef,1
2025-06-09,ad17f3461594a2451c39d172e7cd154a497ee4e6fba885e616a7fbd352cf8fe8,ad17f3461594a2451c39d172e7cd154a497ee4e6fba885e616a7fbd352cf8fe8,1
2025-06-10,1ffccf07feab6ada88b1c498ae3529460f88bba28577df071b97b9a82dd25a4c,1ffccf07feab6ada88b1c498ae3529460f88bba28577df071b97b9a82dd25a4c,1
2025-06-11,1ffccf07feab6ada88b1c498ae3529460f88bba28577df071b97b9a82dd25a4c,1ffccf07feab6ada88b1c498ae3529460f88bba28577df071b97b9a82dd25a4c,1
2025-06-12,53e84ab1d907fd5d30fb0f09136a9e0ee6fa2572f7cb5426c2ab02fbabfe25b0,1ffccf07feab6ada88b1c498ae3529460f88bba28577df071b97b9a82dd25a4c,0
2025-06-13,372b39f2247f383d0e0c3f6039565e41cefad8f287a989164072effffa760b49,372b39f2247f383d0e0c3f6039565e41cefad8f287a989164072effffa760b49,1
2025-06-14,372b39f2247f383d0e0c3f6039565e41cefad8f287a989164072effffa760b49,372b39f2247f383d0e0c3f6039565e41cefad8f287a989164072effffa760b49,1
2025-06-15,372b39f2247f383d0e0c3f6039565e41cefad8f287a989164072effffa760b49,372b39f2247f383d0e0c3f6039565e41cefad8f287a989164072effffa760b49,1
2025-06-16,a04d234f11689d911682e53fcf5ef368998fc9013b6851963070582054777ef4,a04d234f11689d911682e53fcf5ef368998fc9013b6851963070582054777ef4,1
2025-06-17,7a9cf7b581a41f17f40b2ce0836506460e68a9389078b33f4e4af5cf493c58b9,7a9cf7b581a41f17f40b2ce0836506460e68a9389078b33f4e4af5cf493c58b9,1
2025-06-18,7a9cf7b581a41f17f40b2ce0836506460e68a9389078b33f4e4af5cf493c58b9,7a9cf7b581a41f17f40b2ce0836506460e68a9389078b33f4e4af5cf493c58b9,1
2025-06-19,7a9cf7b581a41f17f40b2ce0836506460e68a9389078b33f4e4af5cf493c58b9,7a9cf7b581a41f17f40b2ce0836506460e68a9389078b33f4e4af5cf493c58b9,1
2025-06-20,4ddff2be4712c0647a6387452f49d2aefb22c7aec390a71b36706b4482fdc24d,4ddff2be4712c0647a6387452f49d2aefb22c7aec390a71b36706b4482fdc24d,1
2025-06-21,4ddff2be4712c0647a6387452f49d2aefb22c7aec390a71b36706b4482fdc24d,4ddff2be4712c0647a6387452f49d2aefb22c7aec390a71b36706b4482fdc24d,1
2025-06-22,4ddff2be4712c0647a6387452f49d2aefb22c7aec390a71b36706b4482fdc24d,4ddff2be4712c0647a6387452f49d2aefb22c7aec390a71b36706b4482fdc24d,1
2025-06-23,4ddff2be4712c0647a6387452f49d2aefb22c7aec390a71b36706b4482fdc24d,4ddff2be4712c0647a6387452f49d2aefb22c7aec390a71b36706b4482fdc24d,1
2025-06-24,4ddff2be4712c0647a6387452f49d2aefb22c7aec390a71b36706b4482fdc24d,4ddff2be4712c0647a6387452f49d2aefb22c7aec390a71b36706b4482fdc24d,1
2025-06-25,570c9b176ccff9c5975ea665d1e21b28adf0c5fd00529b9676c7062264121bc8,570c9b176ccff9c5975ea665d1e21b28adf0c5fd00529b9676c7062264121bc8,1
2025-06-26,570c9b176ccff9c5975ea665d1e21b28adf0c5fd00529b9676c7062264121bc8,570c9b176ccff9c5975ea665d1e21b28adf0c5fd00529b9676c7062264121bc8,1
2025-06-27,570c9b176ccff9c5975ea665d1e21b28adf0c5fd00529b9676c7062264121bc8,570c9b176ccff9c5975ea665d1e21b28adf0c5fd00529b9676c7062264121bc8,1
2025-06-28,570c9b176ccff9c5975ea665d1e21b28adf0c5fd00529b9676c7062264121bc8,570c9b176ccff9c5975ea665d1e21b28adf0c5fd00529b9676c7062264121bc8,1
2025-06-29,570c9b176ccff9c5975ea665d1e21b28adf0c5fd00529b9676c7062264121bc8,570c9b176ccff9c5975ea665d1e21b28adf0c5fd00529b9676c7062264121bc8,1
2025-06-30,3122890003a76da04b8f1f4b4fb622b1129228b7b5aaffb361acce108cdaa780,3122890003a76da04b8f1f4b4fb622b1129228b7b5aaffb361acce108cdaa780,1
2025-07-01,b0a8acae339f29e95f02490aec578e0f93b7a9db3f4516be2319216de58693cb,b0a8acae339f29e95f02490aec578e0f93b7a9db3f4516be2319216de58693cb,1
2025-07-02,6599e3c0f5525f6576776ff8ce409b21d7b13512bf68f4ee72ddb604bf2d26d6,6599e3c0f5525f6576776ff8ce409b21d7b13512bf68f4ee72ddb604bf2d26d6,1
2025-07-03,6599e3c0f5525f6576776ff8ce409b21d7b13512bf68f4ee72ddb604bf2d26d6,6599e3c0f5525f6576776ff8ce409b21d7b13512bf68f4ee72ddb604bf2d26d6,1
2025-07-04,6599e3c0f5525f6576776ff8ce409b21d7b13512bf68f4ee72ddb604bf2d26d6,6599e3c0f5525f6576776ff8ce409b21d7b13512bf68f4ee72ddb604bf2d26d6,1
2025-07-05,6599e3c0f5525f6576776ff8ce409b21d7b13512bf68f4ee72ddb604bf2d26d6,6599e3c0f5525f6576776ff8ce409b21d7b13512bf68f4ee72ddb604bf2d26d6,1
2025-07-06,6599e3c0f5525f6576776ff8ce409b21d7b13512bf68f4ee72ddb604bf2d26d6,6599e3c0f5525f6576776ff8ce409b21d7b13512bf68f4ee72ddb604bf2d26d6,1
2025-07-07,5c4e685bc86f3d5fb727343fdb34e4721f8c06a041f4c05e46393a7a2228ad63,5c4e685bc86f3d5fb727343fdb34e4721f8c06a041f4c05e46393a7a2228ad63,1
2025-07-08,5c4e685bc86f3d5fb727343fdb34e4721f8c06a041f4c05e46393a7a2228ad63,5c4e685bc86f3d5fb727343fdb34e4721f8c06a041f4c05e46393a7a2228ad63,1
2025-07-09,5c4e685bc86f3d5fb727343fdb34e4721f8c06a041f4c05e46393a7a2228ad63,5c4e685bc86f3d5fb727343fdb34e4721f8c06a041f4c05e46393a7a2228ad63,1
2025-07-10,d05bb3413c16aa7bc08dabeaf72095523188ef57c93741785222d0db59e25166,d05bb3413c16aa7bc08dabeaf72095523188ef57c93741785222d0db59e25166,1
2025-07-11,d05bb3413c16aa7bc08dabeaf72095523188ef57c93741785222d0db59e25166,d05bb3413c16aa7bc08dabeaf72095523188ef57c93741785222d0db59e25166,1
2025-07-12,d05bb3413c16aa7bc08dabeaf72095523188ef57c93741785222d0db59e25166,d05bb3413c16aa7bc08dabeaf72095523188ef57c93741785222d0db59e25166,1
2025-07-13,d05bb3413c16aa7bc08dabeaf72095523188ef57c93741785222d0db59e25166,d05bb3413c16aa7bc08dabeaf72095523188ef57c93741785222d0db59e25166,1
2025-07-14,82725b7b50d91bb94bc3a28a99937d965382e99c86ac7e57dcf2ad71141e97d2,82725b7b50d91bb94bc3a28a99937d965382e99c86ac7e57dcf2ad71141e97d2,1
2025-07-15,82725b7b50d91bb94bc3a28a99937d965382e99c86ac7e57dcf2ad71141e97d2,82725b7b50d91bb94bc3a28a99937d965382e99c86ac7e57dcf2ad71141e97d2,1
2025-07-16,82725b7b50d91bb94bc3a28a99937d965382e99c86ac7e57dcf2ad71141e97d2,82725b7b50d91bb94bc3a28a99937d965382e99c86ac7e57dcf2ad71141e97d2,1
2025-07-17,82725b7b50d91bb94bc3a28a99937d965382e99c86ac7e57dcf2ad71141e97d2,82725b7b50d91bb94bc3a28a99937d965382e99c86ac7e57dcf2ad71141e97d2,1
2025-07-18,c3fc9180d2f7ea0f1fa3219e1ca1cfc0c57b973c8f36fec21c2be702e04ad594,c3fc9180d2f7ea0f1fa3219e1ca1cfc0c57b973c8f36fec21c2be702e04ad594,1
2025-07-19,c3fc9180d2f7ea0f1fa3219e1ca1cfc0c57b973c8f36fec21c2be702e04ad594,c3fc9180d2f7ea0f1fa3219e1ca1cfc0c57b973c8f36fec21c2be702e04ad594,1
2025-07-20,64dcaba0528619a2a063bb926d3afbc0e038133c47d1c230d4f9310d4705d7ae,c3fc9180d2f7ea0f1fa3219e1ca1cfc0c57b973c8f36fec21c2be702e04ad594,0
2025-07-21,64dcaba0528619a2a063bb926d3afbc0e038133c47d1c230d4f9310d4705d7ae,64dcaba0528619a2a063bb926d3afbc0e038133c47d1c230d4f9310d4705d7ae,1
2025-07-22,d37ca9bdf7e45d61b14e9e740a567e2dfac6f7cc95923566238462eb6f225d56,d37ca9bdf7e45d61b14e9e740a567e2dfac6f7cc95923566238462eb6f225d56,1
2025-07-23,d37ca9bdf7e45d61b14e9e740a567e2dfac6f7cc95923566238462eb6f225d56,d37ca9bdf7e45d61b14e9e740a567e2dfac6f7cc95923566238462eb6f225d56,1
2025-07-24,a0705092630b06b9301297b507fb1992a3a300e3131d81289e76015739bf3db7,a0705092630b06b9301297b507fb1992a3a300e3131d81289e76015739bf3db7,1
2025-07-25,a0705092630b06b9301297b507fb1992a3a300e3131d81289e76015739bf3db7,a0705092630b06b9301297b507fb1992a3a300e3131d81289e76015739bf3db7,1
2025-07-26,a0705092630b06b9301297b507fb1992a3a300e3131d81289e76015739bf3db7,a0705092630b06b9301297b507fb1992a3a300e3131d81289e76015739bf3db7,1
2025-07-27,a0705092630b06b9301297b507fb1992a3a300e3131d81289e76015739bf3db7,a0705092630b06b9301297b507fb1992a3a300e3131d81289e76015739bf3db7,1
2025-07-28,467f84daa862112db5af7a655a4d832b3c6b42958a63443e27b12461656b6ba8,467f84daa862112db5af7a655a4d832b3c6b42958a63443e27b12461656b6ba8,1
2025-07-29,8e93094b16c0330d1e06d00218cd34aad271e267fe2619eec2633c606d99a1b1,8e93094b16c0330d1e06d00218cd34aad271e267fe2619eec2633c606d99a1b1,1
2025-07-30,8e93094b16c0330d1e06d00218cd34aad271e267fe2619eec2633c606d99a1b1,8e93094b16c0330d1e06d00218cd34aad271e267fe2619eec2633c606d99a1b1,1
2025-07-31,8e93094b16c0330d1e06d00218cd34aad271e267fe2619eec2633c606d99a1b1,8e93094b16c0330d1e06d00218cd34aad271e267fe2619eec2633c606d99a1b1,1
2025-08-01,8e93094b16c0330d1e06d00218cd34aad271e267fe2619eec2633c606d99a1b1,8e93094b16c0330d1e06d00218cd34aad271e267fe2619eec2633c606d99a1b1,1
2025-08-02,8e93094b16c0330d1e06d00218cd34aad271e267fe2619eec2633c606d99a1b1,8e93094b16c0330d1e06d00218cd34aad271e267fe2619eec2633c606d99a1b1,1
2025-08-03,8e93094b16c0330d1e06d00218cd34aad271e267fe2619eec2633c606d99a1b1,8e93094b16c0330d1e06d00218cd34aad271e267fe2619eec2633c606d99a1b1,1
2025-08-04,4d749397b2c1bc41b75b27e0fa620fb6f3e641bbe235afafee83c8df4cb737f5,4d749397b2c1bc41b75b27e0fa620fb6f3e641bbe235afafee83c8df4cb737f5,1
2025-08-05,24e73643f467796b101017bfa3fb3e652b4e01d9356e6b5ea2488eb836ebede1,24e73643f467796b101017bfa3fb3e652b4e01d9356e6b5ea2488eb836ebede1,1
2025-08-06,24e73643f467796b101017bfa3fb3e652b4e01d9356e6b5ea2488eb836ebede1,24e73643f467796b101017bfa3fb3e652b4e01d9356e6b5ea2488eb836ebede1,1
2025-08-07,24e73643f467796b101017bfa3fb3e652b4e01d9356e6b5ea2488eb836ebede1,24e73643f467796b101017bfa3fb3e652b4e01d9356e6b5ea2488eb836ebede1,1
2025-08-08,24e73643f467796b101017bfa3fb3e652b4e01d9356e6b5ea2488eb836ebede1,24e73643f467796b101017bfa3fb3e652b4e01d9356e6b5ea2488eb836ebede1,1
2025-08-09,24e73643f467796b101017bfa3fb3e652b4e01d9356e6b5ea2488eb836ebede1,24e73643f467796b101017bfa3fb3e652b4e01d9356e6b5ea2488eb836ebede1,1
2025-08-10,24e73643f467796b101017bfa3fb3e652b4e01d9356e6b5ea2488eb836ebede1,24e73643f467796b101017bfa3fb3e652b4e01d9356e6b5ea2488eb836ebede1,1
2025-08-11,24e73643f467796b101017bfa3fb3e652b4e01d9356e6b5ea2488eb836ebede1,24e73643f467796b101017bfa3fb3e652b4e01d9356e6b5ea2488eb836ebede1,1
2025-08-12,9baf8951f3f346941e7a03a22cc2d1ceeb1470ba582e4b459be268b7d4d123a6,9baf8951f3f346941e7a03a22cc2d1ceeb1470ba582e4b459be268b7d4d123a6,1
2025-08-13,db8ca8f1f6481848e73867e9b5725a1380ce19f7a1267bd9f9651be231761fce,9baf8951f3f346941e7a03a22cc2d1ceeb1470ba582e4b459be268b7d4d123a6,0
2025-08-14,68684a6ddafb4f0c5c5c20a0306f920e7f55fb95079847ffdc2aaa91d0df9157,db8ca8f1f6481848e73867e9b5725a1380ce19f7a1267bd9f9651be231761fce,0
2025-08-15,68684a6ddafb4f0c5c5c20a0306f920e7f55fb95079847ffdc2aaa91d0df9157,68684a6ddafb4f0c5c5c20a0306f920e7f55fb95079847ffdc2aaa91d0df9157,1
2025-08-16,68684a6ddafb4f0c5c5c20a0306f920e7f55fb95079847ffdc2aaa91d0df9157,68684a6ddafb4f0c5c5c20a0306f920e7f55fb95079847ffdc2aaa91d0df9157,1
2025-08-17,68684a6ddafb4f0c5c5c20a0306f920e7f55fb95079847ffdc2aaa91d0df9157,68684a6ddafb4f0c5c5c20a0306f920e7f55fb95079847ffdc2aaa91d0df9157,1
2025-08-18,00d5be0d92e2ace10d27738fb6107bc14fa3ba69276ca4c7c70f1a7d4f0ca5b7,00d5be0d92e2ace10d27738fb6107bc14fa3ba69276ca4c7c70f1a7d4f0ca5b7,1
2025-08-19,00d5be0d92e2ace10d27738fb6107bc14fa3ba69276ca4c7c70f1a7d4f0ca5b7,00d5be0d92e2ace10d27738fb6107bc14fa3ba69276ca4c7c70f1a7d4f0ca5b7,1
2025-08-20,00d5be0d92e2ace10d27738fb6107bc14fa3ba69276ca4c7c70f1a7d4f0ca5b7,00d5be0d92e2ace10d27738fb6107bc14fa3ba69276ca4c7c70f1a7d4f0ca5b7,1
2025-08-21,bbdd097abbfc9f97b4780af0854aeec629cd662888f18d86fb9cdcebf6d308a7,bbdd097abbfc9f97b4780af0854aeec629cd662888f18d86fb9cdcebf6d308a7,1
2025-08-22,bbdd097abbfc9f97b4780af0854aeec629cd662888f18d86fb9cdcebf6d308a7,bbdd097abbfc9f97b4780af0854aeec629cd662888f18d86fb9cdcebf6d308a7,1
2025-08-23,bbdd097abbfc9f97b4780af0854aeec629cd662888f18d86fb9cdcebf6d308a7,bbdd097abbfc9f97b4780af0854aeec629cd662888f18d86fb9cdcebf6d308a7,1
2025-08-24,bbdd097abbfc9f97b4780af0854aeec629cd662888f18d86fb9cdcebf6d308a7,bbdd097abbfc9f97b4780af0854aeec629cd662888f18d86fb9cdcebf6d308a7,1
2025-08-25,ef3f88c69bfca7f86c448c64577b2ed81b498dd5d109c13a0c1797450fb1dfbb,ef3f88c69bfca7f86c448c64577b2ed81b498dd5d109c13a0c1797450fb1dfbb,1
2025-08-26,69051c6849afd46caaba02b6ba1d67a0e6889ad56ebe48a803687850ef9501cb,ef3f88c69bfca7f86c448c64577b2ed81b498dd5d109c13a0c1797450fb1dfbb,0
2025-08-27,69051c6849afd46caaba02b6ba1d67a0e6889ad56ebe48a803687850ef9501cb,69051c6849afd46caaba02b6ba1d67a0e6889ad56ebe48a803687850ef9501cb,1
2025-08-28,69051c6849afd46caaba02b6ba1d67a0e6889ad56ebe48a803687850ef9501cb,69051c6849afd46caaba02b6ba1d67a0e6889ad56ebe48a803687850ef9501cb,1
2025-08-29,28ab634c67f3495122d57df1e26c5c1bc282a113eb474ae58bd5bfd820b190fe,28ab634c67f3495122d57df1e26c5c1bc282a113eb474ae58bd5bfd820b190fe,1
2025-08-30,28ab634c67f3495122d57df1e26c5c1bc282a113eb474ae58bd5bfd820b190fe,28ab634c67f3495122d57df1e26c5c1bc282a113eb474ae58bd5bfd820b190fe,1
2025-08-31,28ab634c67f3495122d57df1e26c5c1bc282a113eb474ae58bd5bfd820b190fe,28ab634c67f3495122d57df1e26c5c1bc282a113eb474ae58bd5bfd820b190fe,1
2025-09-01,28ab634c67f3495122d57df1e26c5c1bc282a113eb474ae58bd5bfd820b190fe,28ab634c67f3495122d57df1e26c5c1bc282a113eb474ae58bd5bfd820b190fe,1
2025-09-02,929c746740a69da468c0db1c5c0927e1d38b7054745b0b9f33211510fdad66f0,929c746740a69da468c0db1c5c0927e1d38b7054745b0b9f33211510fdad66f0,1
2025-09-03,77d70831146f85ca8069362656af5bbd4ff529d1ea3c8c4d7d3eb445ee65acb1,77d70831146f85ca8069362656af5bbd4ff529d1ea3c8c4d7d3eb445ee65acb1,1
2025-09-04,ce0b6ddeec580f59831c30fc21e5ec1440686c125016937ebc131936412023eb,ab32afb53fe5404de989910daa9eab091b45d34b6dad3b312d75a45d437633ad,0
2025-09-05,ce0b6ddeec580f59831c30fc21e5ec1440686c125016937ebc131936412023eb,ce0b6ddeec580f59831c30fc21e5ec1440686c125016937ebc131936412023eb,1
2025-09-06,ce0b6ddeec580f59831c30fc21e5ec1440686c125016937ebc131936412023eb,ce0b6ddeec580f59831c30fc21e5ec1440686c125016937ebc131936412023eb,1
2025-09-07,ce0b6ddeec580f59831c30fc21e5ec1440686c125016937ebc131936412023eb,ce0b6ddeec580f59831c30fc21e5ec1440686c125016937ebc131936412023eb,1
2025-09-08,ce0b6ddeec580f59831c30fc21e5ec1440686c125016937ebc131936412023eb,ce0b6ddeec580f59831c30fc21e5ec1440686c125016937ebc131936412023eb,1
2025-09-09,ce0b6ddeec580f59831c30fc21e5ec1440686c125016937ebc131936412023eb,ce0b6ddeec580f59831c30fc21e5ec1440686c125016937ebc131936412023eb,1
2025-09-10,ce0b6ddeec580f59831c30fc21e5ec1440686c125016937ebc131936412023eb,ce0b6ddeec580f59831c30fc21e5ec1440686c125016937ebc131936412023eb,1
2025-09-11,e64b70a293f7181495c68669e59fab28e578258d6bf485c025cd07d07123f51a,e64b70a293f7181495c68669e59fab28e578258d6bf485c025cd07d07123f51a,1
2025-09-12,e64b70a293f7181495c68669e59fab28e578258d6bf485c025cd07d07123f51a,e64b70a293f7181495c68669e59fab28e578258d6bf485c025cd07d07123f51a,1
2025-09-13,e64b70a293f7181495c68669e59fab28e578258d6bf485c025cd07d07123f51a,e64b70a293f7181495c68669e59fab28e578258d6bf485c025cd07d07123f51a,1
2025-09-14,e64b70a293f7181495c68669e59fab28e578258d6bf485c025cd07d07123f51a,e64b70a293f7181495c68669e59fab28e578258d6bf485c025cd07d07123f51a,1
2025-09-15,e64b70a293f7181495c68669e59fab28e578258d6bf485c025cd07d07123f51a,e64b70a293f7181495c68669e59fab28e578258d6bf485c025cd07d07123f51a,1
2025-09-16,e64b70a293f7181495c68669e59fab28e578258d6bf485c025cd07d07123f51a,e64b70a293f7181495c68669e59fab28e578258d6bf485c025cd07d07123f51a,1
2025-09-17,e64b70a293f7181495c68669e59fab28e578258d6bf485c025cd07d07123f51a,e64b70a293f7181495c68669e59fab28e578258d6bf485c025cd07d07123f51a,1
2025-09-18,e64b70a293f7181495c68669e59fab28e578258d6bf485c025cd07d07123f51a,e64b70a293f7181495c68669e59fab28e578258d6bf485c025cd07d07123f51a,1
2025-09-19,e64b70a293f7181495c68669e59fab28e578258d6bf485c025cd07d07123f51a,e64b70a293f7181495c68669e59fab28e578258d6bf485c025cd07d07123f51a,1
2025-09-20,e64b70a293f7181495c68669e59fab28e578258d6bf485c025cd07d07123f51a,e64b70a293f7181495c68669e59fab28e578258d6bf485c025cd07d07123f51a,1
2025-09-21,e64b70a293f7181495c68669e59fab28e578258d6bf485c025cd07d07123f51a,e64b70a293f7181495c68669e59fab28e578258d6bf485c025cd07d07123f51a,1
2025-09-22,e64b70a293f7181495c68669e59fab28e578258d6bf485c025cd07d07123f51a,e64b70a293f7181495c68669e59fab28e578258d6bf485c025cd07d07123f51a,1
2025-09-23,14cabb3f14aea22772a7f313b2ec9c3857bb481ac9db5e5060ffed50e36a246d,14cabb3f14aea22772a7f313b2ec9c3857bb481ac9db5e5060ffed50e36a246d,1
2025-09-24,14cabb3f14aea22772a7f313b2ec9c3857bb481ac9db5e5060ffed50e36a246d,14cabb3f14aea22772a7f313b2ec9c3857bb481ac9db5e5060ffed50e36a246d,1
2025-09-25,70b3258f085c5cb478fd1d93b7c799953e8236bbaf8ebd6fcfcc312e1783ea7c,70b3258f085c5cb478fd1d93b7c799953e8236bbaf8ebd6fcfcc312e1783ea7c,1
2025-09-26,70b3258f085c5cb478fd1d93b7c799953e8236bbaf8ebd6fcfcc312e1783ea7c,70b3258f085c5cb478fd1d93b7c799953e8236bbaf8ebd6fcfcc312e1783ea7c,1
2025-09-27,70b3258f085c5cb478fd1d93b7c799953e8236bbaf8ebd6fcfcc312e1783ea7c,70b3258f085c5cb478fd1d93b7c799953e8236bbaf8ebd6fcfcc312e1783ea7c,1
2025-09-28,70b3258f085c5cb478fd1d93b7c799953e8236bbaf8ebd6fcfcc312e1783ea7c,70b3258f085c5cb478fd1d93b7c799953e8236bbaf8ebd6fcfcc312e1783ea7c,1
2025-09-29,da94a5fa34a06e7a61c47346ffb6f203d605b7cc856df5251dc1cce5b2f50e48,a4729c09de280f13019656d45e809fa6ea9186a6b38901d27729d9cfc9b66a10,0
2025-09-30,2fa00268f68b03ad277bea876e39642033eabf34812ec0425306690d4fcd669b,2fa00268f68b03ad277bea876e39642033eabf34812ec0425306690d4fcd669b,1
2025-10-01,2fa00268f68b03ad277bea876e39642033eabf34812ec0425306690d4fcd669b,2fa00268f68b03ad277bea876e39642033eabf34812ec0425306690d4fcd669b,1
2025-10-02,186fcb17201c78e0b9a4398296e38c9071d1f35b4ce64850fa8fd34f9415e4d8,186fcb17201c78e0b9a4398296e38c9071d1f35b4ce64850fa8fd34f9415e4d8,1
2025-10-03,186fcb17201c78e0b9a4398296e38c9071d1f35b4ce64850fa8fd34f9415e4d8,186fcb17201c78e0b9a4398296e38c9071d1f35b4ce64850fa8fd34f9415e4d8,1
2025-10-04,186fcb17201c78e0b9a4398296e38c9071d1f35b4ce64850fa8fd34f9415e4d8,186fcb17201c78e0b9a4398296e38c9071d1f35b4ce64850fa8fd34f9415e4d8,1
2025-10-05,186fcb17201c78e0b9a4398296e38c9071d1f35b4ce64850fa8fd34f9415e4d8,186fcb17201c78e0b9a4398296e38c9071d1f35b4ce64850fa8fd34f9415e4d8,1
2025-10-06,073d05c5fa82020db4b2bf44131ff58e99f866c11a87209695dcb16fda709146,19193e6bb7d19e53a5b39c067f702d847fa8ff3d98586ea8fd725855bfa16939,0
2025-10-07,b6744ce6736e8f2b89c276b6d8efdfa6bae1fbd103738386354093fbdf2beb6c,314add9bd30578660d765e476ea546ae28cc1ef28c2fefb162c7f2198d48a23b,0
2025-10-08,8aadde80f5ca1147a4011f53e04bc7ccb64897efd30ff8b4fe68edd7ed8ae022,8aadde80f5ca1147a4011f53e04bc7ccb64897efd30ff8b4fe68edd7ed8ae022,1
2025-10-09,2dc2118874c3bf15cd86946d4ef99f9b2876402985794d6b1d73c6ac560970d6,2dc2118874c3bf15cd86946d4ef99f9b2876402985794d6b1d73c6ac560970d6,1
2025-10-10,2dc2118874c3bf15cd86946d4ef99f9b2876402985794d6b1d73c6ac560970d6,2dc2118874c3bf15cd86946d4ef99f9b2876402985794d6b1d73c6ac560970d6,1
2025-10-11,2dc2118874c3bf15cd86946d4ef99f9b2876402985794d6b1d73c6ac560970d6,2dc2118874c3bf15cd86946d4ef99f9b2876402985794d6b1d73c6ac560970d6,1
2025-10-12,2dc2118874c3bf15cd86946d4ef99f9b2876402985794d6b1d73c6ac560970d6,2dc2118874c3bf15cd86946d4ef99f9b2876402985794d6b1d73c6ac560970d6,1
2025-10-13,2dc2118874c3bf15cd86946d4ef99f9b2876402985794d6b1d73c6ac560970d6,2dc2118874c3bf15cd86946d4ef99f9b2876402985794d6b1d73c6ac560970d6,1
2025-10-14,004c1c5fd780084490c86430c8334151929144421a0a8018972dc0c4099b83ea,9c89fbcccfed973be6ba8e35d602db64ed41df0f5847ef13014b7c2445fe0dfe,0
2025-10-15,e068ad314e35bf13edcff73405e0cc7b2c9677bae063860fc4d9d14400f57bf8,3590398f4af55aea16722822294894efe4466b4c6a227a855b03ee44c336a5e1,0
2025-10-16,e068ad314e35bf13edcff73405e0cc7b2c9677bae063860fc4d9d14400f57bf8,e068ad314e35bf13edcff73405e0cc7b2c9677bae063860fc4d9d14400f57bf8,1
2025-10-17,e068ad314e35bf13edcff73405e0cc7b2c9677bae063860fc4d9d14400f57bf8,e068ad314e35bf13edcff73405e0cc7b2c9677bae063860fc4d9d14400f57bf8,1
2025-10-18,e068ad314e35bf13edcff73405e0cc7b2c9677bae063860fc4d9d14400f57bf8,e068ad314e35bf13edcff73405e0cc7b2c9677bae063860fc4d9d14400f57bf8,1
2025-10-19,e068ad314e35bf13edcff73405e0cc7b2c9677bae063860fc4d9d14400f57bf8,e068ad314e35bf13edcff73405e0cc7b2c9677bae063860fc4d9d14400f57bf8,1
2025-10-20,6c7b0b53593534d49d00a177edcb3a3885c2aea5379f12e99d27c91697680aed,6c7b0b53593534d49d00a177edcb3a3885c2aea5379f12e99d27c91697680aed,1
2025-10-21,96d924abfcb580a1be64465171e0d3d4ace5a34051ae6750263874a58e0a46f0,6c7b0b53593534d49d00a177edcb3a3885c2aea5379f12e99d27c91697680aed,0
2025-10-22,8065b46aa444a665d199b8a5074cff06914b8e154b63bf5e930718315829b8b7,8065b46aa444a665d199b8a5074cff06914b8e154b63bf5e930718315829b8b7,1
2025-10-23,8065b46aa444a665d199b8a5074cff06914b8e154b63bf5e930718315829b8b7,8065b46aa444a665d199b8a5074cff06914b8e154b63bf5e930718315829b8b7,1
2025-10-24,087c3855829315d65bdd31961802a7073b0afca57a8435ae05883c6f10afb3d8,087c3855829315d65bdd31961802a7073b0afca57a8435ae05883c6f10afb3d8,1
2025-10-25,087c3855829315d65bdd31961802a7073b0afca57a8435ae05883c6f10afb3d8,087c3855829315d65bdd31961802a7073b0afca57a8435ae05883c6f10afb3d8,1
2025-10-26,087c3855829315d65bdd31961802a7073b0afca57a8435ae05883c6f10afb3d8,087c3855829315d65bdd31961802a7073b0afca57a8435ae05883c6f10afb3d8,1
2025-10-27,087c3855829315d65bdd31961802a7073b0afca57a8435ae05883c6f10afb3d8,087c3855829315d65bdd31961802a7073b0afca57a8435ae05883c6f10afb3d8,1
2025-10-28,8bda8f8afa3346dfd804c6cefc9b81ecc7be6b3b095b598abc0ccbc03a1ee811,8bda8f8afa3346dfd804c6cefc9b81ecc7be6b3b095b598abc0ccbc03a1ee811,1
2025-10-29,0b5d0988e1f9dc6a32c10910ae79581cad25d553e05da5b70a54ba4a09df0d08,8bda8f8afa3346dfd804c6cefc9b81ecc7be6b3b095b598abc0ccbc03a1ee811,0
2025-10-30,c1254dce3630293fc635ca1f1d5ad27d5094729a788466b4325d8341cff95417,21a87dcf66530997871716823630b62594586316ac63940780810cc8ef315438,0
2025-10-31,c1254dce3630293fc635ca1f1d5ad27d5094729a788466b4325d8341cff95417,c1254dce3630293fc635ca1f1d5ad27d5094729a788466b4325d8341cff95417,1
2025-11-01,c1254dce3630293fc635ca1f1d5ad27d5094729a788466b4325d8341cff95417,c1254dce3630293fc635ca1f1d5ad27d5094729a788466b4325d8341cff95417,1
2025-11-02,c1254dce3630293fc635ca1f1d5ad27d5094729a788466b4325d8341cff95417,c1254dce3630293fc635ca1f1d5ad27d5094729a788466b4325d8341cff95417,1
2025-11-03,c1254dce3630293fc635ca1f1d5ad27d5094729a788466b4325d8341cff95417,c1254dce3630293fc635ca1f1d5ad27d5094729a788466b4325d8341cff95417,1
2025-11-04,0cd83c4714d652b092373324374de8eecd30e320d569d55e56f3c4231ec975c1,0cd83c4714d652b092373324374de8eecd30e320d569d55e56f3c4231ec975c1,1
2025-11-05,0cd83c4714d652b092373324374de8eecd30e320d569d55e56f3c4231ec975c1,0cd83c4714d652b092373324374de8eecd30e320d569d55e56f3c4231ec975c1,1
2025-11-06,0cd83c4714d652b092373324374de8eecd30e320d569d55e56f3c4231ec975c1,0cd83c4714d652b092373324374de8eecd30e320d569d55e56f3c4231ec975c1,1
2025-11-07,0cd83c4714d652b092373324374de8eecd30e320d569d55e56f3c4231ec975c1,0cd83c4714d652b092373324374de8eecd30e320d569d55e56f3c4231ec975c1,1
2025-11-08,0cd83c4714d652b092373324374de8eecd30e320d569d55e56f3c4231ec975c1,0cd83c4714d652b092373324374de8eecd30e320d569d55e56f3c4231ec975c1,1
2025-11-09,0cd83c4714d652b092373324374de8eecd30e320d569d55e56f3c4231ec975c1,0cd83c4714d652b092373324374de8eecd30e320d569d55e56f3c4231ec975c1,1
2025-11-10,d7daa3379b8ad773b918255c4c9813ff2ba50d81240ab878470d156130863ed0,d7daa3379b8ad773b918255c4c9813ff2ba50d81240ab878470d156130863ed0,1
2025-11-11,d7daa3379b8ad773b918255c4c9813ff2ba50d81240ab878470d156130863ed0,d7daa3379b8ad773b918255c4c9813ff2ba50d81240ab878470d156130863ed0,1
2025-11-12,01bf09c7968c483802890a444d9b0bb0c3a00cb3cf025e9702304ba122ec2d42,01bf09c7968c483802890a444d9b0bb0c3a00cb3cf025e9702304ba122ec2d42,1
2025-11-13,01bf09c7968c483802890a444d9b0bb0c3a00cb3cf025e9702304ba122ec2d42,01bf09c7968c483802890a444d9b0bb0c3a00cb3cf025e9702304ba122ec2d42,1
2025-11-14,c53cb07a803231d84a6a268f5ff3e30ce8880b4ef1b118cfa394ce2b2285b346,c53cb07a803231d84a6a268f5ff3e30ce8880b4ef1b118cfa394ce2b2285b346,1
2025-11-15,c53cb07a803231d84a6a268f5ff3e30ce8880b4ef1b118cfa394ce2b2285b346,c53cb07a803231d84a6a268f5ff3e30ce8880b4ef1b118cfa394ce2b2285b346,1
2025-11-16,c53cb07a803231d84a6a268f5ff3e30ce8880b4ef1b118cfa394ce2b2285b346,c53cb07a803231d84a6a268f5ff3e30ce8880b4ef1b118cfa394ce2b2285b346,1
2025-11-17,c53cb07a803231d84a6a268f5ff3e30ce8880b4ef1b118cfa394ce2b2285b346,c53cb07a803231d84a6a268f5ff3e30ce8880b4ef1b118cfa394ce2b2285b346,1
2025-11-18,1582d2b4d49faa9416f933b862b24844a57cc7f152f6dfce761eae63d21847f0,c53cb07a803231d84a6a268f5ff3e30ce8880b4ef1b118cfa394ce2b2285b346,0
2025-11-19,8fd9c5e42f8f1f05a15b202c32a9bea0e2ff1645440de4f93c36b6d1df064846,1582d2b4d49faa9416f933b862b24844a57cc7f152f6dfce761eae63d21847f0,0
2025-11-20,8fd9c5e42f8f1f05a15b202c32a9bea0e2ff1645440de4f93c36b6d1df064846,8fd9c5e42f8f1f05a15b202c32a9bea0e2ff1645440de4f93c36b6d1df064846,1
2025-11-21,13fa1ecfa68d0e180ec30d1e608bf1c1e231bf4cbdfda12a48c849a7ba829d54,8fd9c5e42f8f1f05a15b202c32a9bea0e2ff1645440de4f93c36b6d1df064846,0
2025-11-22,13fa1ecfa68d0e180ec30d1e608bf1c1e231bf4cbdfda12a48c849a7ba829d54,13fa1ecfa68d0e180ec30d1e608bf1c1e231bf4cbdfda12a48c849a7ba829d54,1
2025-11-23,13fa1ecfa68d0e180ec30d1e608bf1c1e231bf4cbdfda12a48c849a7ba829d54,13fa1ecfa68d0e180ec30d1e608bf1c1e231bf4cbdfda12a48c849a7ba829d54,1
2025-11-24,13fa1ecfa68d0e180ec30d1e608bf1c1e231bf4cbdfda12a48c849a7ba829d54,13fa1ecfa68d0e180ec30d1e608bf1c1e231bf4cbdfda12a48c849a7ba829d54,1
2025-11-25,13fa1ecfa68d0e180ec30d1e608bf1c1e231bf4cbdfda12a48c849a7ba829d54,13fa1ecfa68d0e180ec30d1e608bf1c1e231bf4cbdfda12a48c849a7ba829d54,1
2025-11-26,13fa1ecfa68d0e180ec30d1e608bf1c1e231bf4cbdfda12a48c849a7ba829d54,13fa1ecfa68d0e180ec30d1e608bf1c1e231bf4cbdfda12a48c849a7ba829d54,1
2025-11-27,13fa1ecfa68d0e180ec30d1e608bf1c1e231bf4cbdfda12a48c849a7ba829d54,13fa1ecfa68d0e180ec30d1e608bf1c1e231bf4cbdfda12a48c849a7ba829d54,1
2025-11-28,f3e44458ed992ea90528e6d43deaff5d93245bf57fa93352723767f6ac114d50,f3e44458ed992ea90528e6d43deaff5d93245bf57fa93352723767f6ac114d50,1
2025-11-29,f3e44458ed992ea90528e6d43deaff5d93245bf57fa93352723767f6ac114d50,f3e44458ed992ea90528e6d43deaff5d93245bf57fa93352723767f6ac114d50,1
2025-11-30,f3e44458ed992ea90528e6d43deaff5d93245bf57fa93352723767f6ac114d50,f3e44458ed992ea90528e6d43deaff5d93245bf57fa93352723767f6ac114d50,1
2025-12-01,f3e44458ed992ea90528e6d43deaff5d93245bf57fa93352723767f6ac114d50,f3e44458ed992ea90528e6d43deaff5d93245bf57fa93352723767f6ac114d50,1
2025-12-02,5dae6d6d9a42247d2f5742a52622ba8246c0e8046784080ce46246045fdded59,f3e44458ed992ea90528e6d43deaff5d93245bf57fa93352723767f6ac114d50,0
2025-12-03,62ff513acb338cc02d016d492eecc707861c1967fe93640e37af7e1ab8d89de7,5dae6d6d9a42247d2f5742a52622ba8246c0e8046784080ce46246045fdded59,0
2025-12-04,62ff513acb338cc02d016d492eecc707861c1967fe93640e37af7e1ab8d89de7,62ff513acb338cc02d016d492eecc707861c1967fe93640e37af7e1ab8d89de7,1
2025-12-05,45c85a452aedfe4b1697aef4c4f375706f3d8c94a2aec6da53b342ddbf32e475,45c85a452aedfe4b1697aef4c4f375706f3d8c94a2aec6da53b342ddbf32e475,1
2025-12-06,45c85a452aedfe4b1697aef4c4f375706f3d8c94a2aec6da53b342ddbf32e475,45c85a452aedfe4b1697aef4c4f375706f3d8c94a2aec6da53b342ddbf32e475,1
2025-12-07,45c85a452aedfe4b1697aef4c4f375706f3d8c94a2aec6da53b342ddbf32e475,45c85a452aedfe4b1697aef4c4f375706f3d8c94a2aec6da53b342ddbf32e475,1
2025-12-08,50e031962e40ee91e6adc2a35e98cd48630e2cd194354b4eccb34ea22bb441e3,99c70a15c8f11b34cd8e2934937aaafe66f77df3aa823b513a7e72fafc09214b,0
2025-12-09,8b034cf2c7f32b7adc7542457cbe1c30bbfb390becf54b243a630535766aab41,50e031962e40ee91e6adc2a35e98cd48630e2cd194354b4eccb34ea22bb441e3,0
2025-12-10,8b034cf2c7f32b7adc7542457cbe1c30bbfb390becf54b243a630535766aab41,8b034cf2c7f32b7adc7542457cbe1c30bbfb390becf54b243a630535766aab41,1
2025-12-11,842c212ee83231f01ea292a518b821b39f0961dc0fa826beb35fb22b1eeb40dc,8b034cf2c7f32b7adc7542457cbe1c30bbfb390becf54b243a630535766aab41,0
2025-12-12,84e0fb62cf97abe5829d1c7dd3e9740b6e88819141c021ab3f145f9e409601fe,158159bd42a8bed70947b9c99265a87b998806e03b4bdc97ac015d6885d5cb56,0
2025-12-13,84e0fb62cf97abe5829d1c7dd3e9740b6e88819141c021ab3f145f9e409601fe,84e0fb62cf97abe5829d1c7dd3e9740b6e88819141c021ab3f145f9e409601fe,1
2025-12-14,84e0fb62cf97abe5829d1c7dd3e9740b6e88819141c021ab3f145f9e409601fe,84e0fb62cf97abe5829d1c7dd3e9740b6e88819141c021ab3f145f9e409601fe,1
2025-12-15,2a1464aba87282a27f0956feaea9e414a4be4a898f9bcd0e04306b9b8f6741cf,84e0fb62cf97abe5829d1c7dd3e9740b6e88819141c021ab3f145f9e409601fe,0
2025-12-16,95eac85c9f06e44801fcca9b53b9bd902e18c99cdfe939be697c0debcd2c59c7,95eac85c9f06e44801fcca9b53b9bd902e18c99cdfe939be697c0debcd2c59c7,1
2025-12-17,c9fbb0f3b0ec28344b45cc47ed1fdab3b6b337354d482943b1dafd471561b9cc,126ad6ab18848b8556af29054be25b3cc08d260c29c43c5bf3346347a2677132,0
2025-12-18,9012f0def5bcc2c05589ac250b8f15877f920db0f8d3a014bcbf2610d8ea46f2,9012f0def5bcc2c05589ac250b8f15877f920db0f8d3a014bcbf2610d8ea46f2,1
2025-12-19,82fe54f459780a0589cc4d44ed26607894ab4deb428a452a2d3a65489a0568cf,a56416551dfad25c10950d63f21e7cf7b8ad70297d5e45201cc46834eca79453,0
2025-12-20,82fe54f459780a0589cc4d44ed26607894ab4deb428a452a2d3a65489a0568cf,82fe54f459780a0589cc4d44ed26607894ab4deb428a452a2d3a65489a0568cf,1
2025-12-21,82fe54f459780a0589cc4d44ed26607894ab4deb428a452a2d3a65489a0568cf,82fe54f459780a0589cc4d44ed26607894ab4deb428a452a2d3a65489a0568cf,1
2025-12-22,42eef17df9f7ea256eac4e998bc287a845f790a212db7bfde7b6827df2d4c5f3,82fe54f459780a0589cc4d44ed26607894ab4deb428a452a2d3a65489a0568cf,0
2025-12-23,42eef17df9f7ea256eac4e998bc287a845f790a212db7bfde7b6827df2d4c5f3,42eef17df9f7ea256eac4e998bc287a845f790a212db7bfde7b6827df2d4c5f3,1
2025-12-24,42eef17df9f7ea256eac4e998bc287a845f790a212db7bfde7b6827df2d4c5f3,42eef17df9f7ea256eac4e998bc287a845f790a212db7bfde7b6827df2d4c5f3,1
2025-12-25,42eef17df9f7ea256eac4e998bc287a845f790a212db7bfde7b6827df2d4c5f3,42eef17df9f7ea256eac4e998bc287a845f790a212db7bfde7b6827df2d4c5f3,1
2025-12-26,42eef17df9f7ea256eac4e998bc287a845f790a212db7bfde7b6827df2d4c5f3,42eef17df9f7ea256eac4e998bc287a845f790a212db7bfde7b6827df2d4c5f3,1
2025-12-27,42eef17df9f7ea256eac4e998bc287a845f790a212db7bfde7b6827df2d4c5f3,42eef17df9f7ea256eac4e998bc287a845f790a212db7bfde7b6827df2d4c5f3,1
2025-12-28,42eef17df9f7ea256eac4e998bc287a845f790a212db7bfde7b6827df2d4c5f3,42eef17df9f7ea256eac4e998bc287a845f790a212db7bfde7b6827df2d4c5f3,1
2025-12-29,cb74580fe07f6f257afadd59e54b97eec11042f4573b50447aa19c3e4ad84c1e,42eef17df9f7ea256eac4e998bc287a845f790a212db7bfde7b6827df2d4c5f3,0
2025-12-30,cb74580fe07f6f257afadd59e54b97eec11042f4573b50447aa19c3e4ad84c1e,cb74580fe07f6f257afadd59e54b97eec11042f4573b50447aa19c3e4ad84c1e,1
2025-12-31,cb74580fe07f6f257afadd59e54b97eec11042f4573b50447aa19c3e4ad84c1e,cb74580fe07f6f257afadd59e54b97eec11042f4573b50447aa19c3e4ad84c1e,1
2026-01-01,cb74580fe07f6f257afadd59e54b97eec11042f4573b50447aa19c3e4ad84c1e,cb74580fe07f6f257afadd59e54b97eec11042f4573b50447aa19c3e4ad84c1e,1
2026-01-02,cb74580fe07f6f257afadd59e54b97eec11042f4573b50447aa19c3e4ad84c1e,cb74580fe07f6f257afadd59e54b97eec11042f4573b50447aa19c3e4ad84c1e,1
2026-01-03,cb74580fe07f6f257afadd59e54b97eec11042f4573b50447aa19c3e4ad84c1e,cb74580fe07f6f257afadd59e54b97eec11042f4573b50447aa19c3e4ad84c1e,1
2026-01-04,cb74580fe07f6f257afadd59e54b97eec11042f4573b50447aa19c3e4ad84c1e,cb74580fe07f6f257afadd59e54b97eec11042f4573b50447aa19c3e4ad84c1e,1
2026-01-05,cb74580fe07f6f257afadd59e54b97eec11042f4573b50447aa19c3e4ad84c1e,cb74580fe07f6f257afadd59e54b97eec11042f4573b50447aa19c3e4ad84c1e,1
2026-01-06,cb74580fe07f6f257afadd59e54b97eec11042f4573b50447aa19c3e4ad84c1e,cb74580fe07f6f257afadd59e54b97eec11042f4573b50447aa19c3e4ad84c1e,1
2026-01-07,beaf99103833dc8b05c31bb7b79b5887215fddd9e99cbb7bebbce18ec6250c24,cb74580fe07f6f257afadd59e54b97eec11042f4573b50447aa19c3e4ad84c1e,0
2026-01-08,beaf99103833dc8b05c31bb7b79b5887215fddd9e99cbb7bebbce18ec6250c24,beaf99103833dc8b05c31bb7b79b5887215fddd9e99cbb7bebbce18ec6250c24,1
2026-01-09,914aa9d91ac519895a2438d0b4f62375891d7e5a11560ccd07621a9d187b5a59,914aa9d91ac519895a2438d0b4f62375891d7e5a11560ccd07621a9d187b5a59,1
2026-01-10,914aa9d91ac519895a2438d0b4f62375891d7e5a11560ccd07621a9d187b5a59,914aa9d91ac519895a2438d0b4f62375891d7e5a11560ccd07621a9d187b5a59,1
2026-01-11,914aa9d91ac519895a2438d0b4f62375891d7e5a11560ccd07621a9d187b5a59,914aa9d91ac519895a2438d0b4f62375891d7e5a11560ccd07621a9d187b5a59,1
2026-01-12,5b85d314fe389271dbc1e26856e4a4b6f2d433004b0073b108c3d40a3ea1d83c,5b85d314fe389271dbc1e26856e4a4b6f2d433004b0073b108c3d40a3ea1d83c,1
2026-01-13,2bc068c505f5662081a3e1bdd2816891f22a00b011f37b50939b8a6b10a67c74,5b85d314fe389271dbc1e26856e4a4b6f2d433004b0073b108c3d40a3ea1d83c,0
2026-01-14,2bc068c505f5662081a3e1bdd2816891f22a00b011f37b50939b8a6b10a67c74,2bc068c505f5662081a3e1bdd2816891f22a00b011f37b50939b8a6b10a67c74,1
2026-01-15,2bc068c505f5662081a3e1bdd2816891f22a00b011f37b50939b8a6b10a67c74,2bc068c505f5662081a3e1bdd2816891f22a00b011f37b50939b8a6b10a67c74,1
2026-01-16,2bc068c505f5662081a3e1bdd2816891f22a00b011f37b50939b8a6b10a67c74,2bc068c505f5662081a3e1bdd2816891f22a00b011f37b50939b8a6b10a67c74,1
2026-01-17,2bc068c505f5662081a3e1bdd2816891f22a00b011f37b50939b8a6b10a67c74,2bc068c505f5662081a3e1bdd2816891f22a00b011f37b50939b8a6b10a67c74,1
2026-01-18,2bc068c505f5662081a3e1bdd2816891f22a00b011f37b50939b8a6b10a67c74,2bc068c505f5662081a3e1bdd2816891f22a00b011f37b50939b8a6b10a67c74,1
2026-01-19,2bc068c505f5662081a3e1bdd2816891f22a00b011f37b50939b8a6b10a67c74,2bc068c505f5662081a3e1bdd2816891f22a00b011f37b50939b8a6b10a67c74,1
2026-01-20,2bc068c505f5662081a3e1bdd2816891f22a00b011f37b50939b8a6b10a67c74,2bc068c505f5662081a3e1bdd2816891f22a00b011f37b50939b8a6b10a67c74,1
2026-01-21,00c8df7980cd07beeb40cef85e3debb7f083b783b2f85a7c55a3304e15d0ce8e,2bc068c505f5662081a3e1bdd2816891f22a00b011f37b50939b8a6b10a67c74,0
2026-01-22,40951a1f7ec115cf4e134f0de7d34724fdec459b891e2d2863034716413bbc4b,00c8df7980cd07beeb40cef85e3debb7f083b783b2f85a7c55a3304e15d0ce8e,0
2026-01-23,10e437d711bbe4b318942755fec8b29d3c83e3de2d7357a4f744d1dc65680bb3,40951a1f7ec115cf4e134f0de7d34724fdec459b891e2d2863034716413bbc4b,0
2026-01-24,10e437d711bbe4b318942755fec8b29d3c83e3de2d7357a4f744d1dc65680bb3,10e437d711bbe4b318942755fec8b29d3c83e3de2d7357a4f744d1dc65680bb3,1
2026-01-25,10e437d711bbe4b318942755fec8b29d3c83e3de2d7357a4f744d1dc65680bb3,10e437d711bbe4b318942755fec8b29d3c83e3de2d7357a4f744d1dc65680bb3,1
2026-01-26,b29d2a2942388dfe3b33133af18f325bd55d007a595a3298e90125b274fcdd28,10e437d711bbe4b318942755fec8b29d3c83e3de2d7357a4f744d1dc65680bb3,0
2026-01-27,66e7d5fbd54ba7cb7ebb0ac931690ff98c8478e756c9577bfd447fb0e7abe32b,326567660d3ec7a6a181e68fa506290b61b5fb5a7aa03cbbcd25fdb4475dde08,0
2026-01-28,66e7d5fbd54ba7cb7ebb0ac931690ff98c8478e756c9577bfd447fb0e7abe32b,66e7d5fbd54ba7cb7ebb0ac931690ff98c8478e756c9577bfd447fb0e7abe32b,1
2026-01-29,845ee3c02085a07294834eb099afc78247d05d622a6119c6907a1f353b21c67f,c67acb80fe2b4a6fd8ea4dffb10e520628526c9bb3547e4667066db8883e49e1,0
2026-01-30,845ee3c02085a07294834eb099afc78247d05d622a6119c6907a1f353b21c67f,845ee3c02085a07294834eb099afc78247d05d622a6119c6907a1f353b21c67f,1
2026-01-31,845ee3c02085a07294834eb099afc78247d05d622a6119c6907a1f353b21c67f,845ee3c02085a07294834eb099afc78247d05d622a6119c6907a1f353b21c67f,1
2026-02-01,845ee3c02085a07294834eb099afc78247d05d622a6119c6907a1f353b21c67f,845ee3c02085a07294834eb099afc78247d05d622a6119c6907a1f353b21c67f,1
2026-02-02,845ee3c02085a07294834eb099afc78247d05d622a6119c6907a1f353b21c67f,845ee3c02085a07294834eb099afc78247d05d622a6119c6907a1f353b21c67f,1
2026-02-03,e8377290b3bab2d469e44146fdd33ef0892dda0db3d614cd56999f649fc24589,876ac8cdcd27d04e125e6199b7bb02fd4e1c2d1e439cceec3151074219bb2160,0
2026-02-04,2b4c58c96efb1d965259b330c5b53f01709ee0b6986dfefacfba6861c2502dbb,2b4c58c96efb1d965259b330c5b53f01709ee0b6986dfefacfba6861c2502dbb,1
2026-02-05,05460d1e1b52744090e377dca4b82ad14d64cb221ccc0d4e0fe44f40fa000726,2b4c58c96efb1d965259b330c5b53f01709ee0b6986dfefacfba6861c2502dbb,0
2026-02-06,f68cdd881bf10cbe05b0feebba9eafdcbce562d992734090f7183498bf92ecf0,f68cdd881bf10cbe05b0feebba9eafdcbce562d992734090f7183498bf92ecf0,1
2026-02-07,f68cdd881bf10cbe05b0feebba9eafdcbce562d992734090f7183498bf92ecf0,f68cdd881bf10cbe05b0feebba9eafdcbce562d992734090f7183498bf92ecf0,1
2026-02-08,f68cdd881bf10cbe05b0feebba9eafdcbce562d992734090f7183498bf92ecf0,f68cdd881bf10cbe05b0feebba9eafdcbce562d992734090f7183498bf92ecf0,1
2026-02-09,f68cdd881bf10cbe05b0feebba9eafdcbce562d992734090f7183498bf92ecf0,f68cdd881bf10cbe05b0feebba9eafdcbce562d992734090f7183498bf92ecf0,1
2026-02-10,883078c38dec9d364d120266b064338983df8ea6ff7dd3c7e386e7a0d2765eba,f68cdd881bf10cbe05b0feebba9eafdcbce562d992734090f7183498bf92ecf0,0
2026-02-11,554c17580e4a51ebfd72dda144e2d5ae6564e986999e3affcf26b1bbef9c212c,554c17580e4a51ebfd72dda144e2d5ae6564e986999e3affcf26b1bbef9c212c,1
2026-02-12,80f90999200e34af72d138614e794dc4570c6725ba17ca43f38e76f5f7095089,554c17580e4a51ebfd72dda144e2d5ae6564e986999e3affcf26b1bbef9c212c,0
2026-02-13,80f90999200e34af72d138614e794dc4570c6725ba17ca43f38e76f5f7095089,80f90999200e34af72d138614e794dc4570c6725ba17ca43f38e76f5f7095089,1
2026-02-14,fd79ed930a8d6b2459fe2b13455cb8d8e86b0baa0a28d00d59d604eebf5408bf,fd79ed930a8d6b2459fe2b13455cb8d8e86b0baa0a28d00d59d604eebf5408bf,1
2026-02-15,fd79ed930a8d6b2459fe2b13455cb8d8e86b0baa0a28d00d59d604eebf5408bf,fd79ed930a8d6b2459fe2b13455cb8d8e86b0baa0a28d00d59d604eebf5408bf,1
2026-02-16,fd79ed930a8d6b2459fe2b13455cb8d8e86b0baa0a28d00d59d604eebf5408bf,fd79ed930a8d6b2459fe2b13455cb8d8e86b0baa0a28d00d59d604eebf5408bf,1
2026-02-17,c20d7665e5f509ab5e9841502deb4eb1fd34f026691cfc90028c961cad627c7c,fd79ed930a8d6b2459fe2b13455cb8d8e86b0baa0a28d00d59d604eebf5408bf,0
2026-02-18,4cd7aac9beb26e34dca5ef67043ea54e5c1b3cd214190c7129562505c9aab431,4cd7aac9beb26e34dca5ef67043ea54e5c1b3cd214190c7129562505c9aab431,1
2026-02-19,770379803b42af3d553bdeaf54a45576b699190aa42bdb27449735697b549f97,4cd7aac9beb26e34dca5ef67043ea54e5c1b3cd214190c7129562505c9aab431,0
2026-02-20,53e79415b6b76b9eb139b1492f3925839a91ce8695f0a1c33dfac6f0a4514be2,770379803b42af3d553bdeaf54a45576b699190aa42bdb27449735697b549f97,0
2026-02-21,53e79415b6b76b9eb139b1492f3925839a91ce8695f0a1c33dfac6f0a4514be2,53e79415b6b76b9eb139b1492f3925839a91ce8695f0a1c33dfac6f0a4514be2,1
2026-02-22,53e79415b6b76b9eb139b1492f3925839a91ce8695f0a1c33dfac6f0a4514be2,53e79415b6b76b9eb139b1492f3925839a91ce8695f0a1c33dfac6f0a4514be2,1
2026-02-23,53e79415b6b76b9eb139b1492f3925839a91ce8695f0a1c33dfac6f0a4514be2,53e79415b6b76b9eb139b1492f3925839a91ce8695f0a1c33dfac6f0a4514be2,1
2026-02-24,9599b3c21f26018440c2d2e2515e323e81590e9ee5d7189aa60a4d12f7960964,53e79415b6b76b9eb139b1492f3925839a91ce8695f0a1c33dfac6f0a4514be2,0
2026-02-25,0ead412b727c9a78df2d8b7f29cab516f165907f258f661cd0b84df70195aab0,0ead412b727c9a78df2d8b7f29cab516f165907f258f661cd0b84df70195aab0,1
2026-02-26,be904edf101f4127b110501904f175c0640b0fe6c9b5325e1d8be31e9f62147e,be904edf101f4127b110501904f175c0640b0fe6c9b5325e1d8be31e9f62147e,1
2026-02-27,be904edf101f4127b110501904f175c0640b0fe6c9b5325e1d8be31e9f62147e,be904edf101f4127b110501904f175c0640b0fe6c9b5325e1d8be31e9f62147e,1
2026-02-28,be904edf101f4127b110501904f175c0640b0fe6c9b5325e1d8be31e9f62147e,be904edf101f4127b110501904f175c0640b0fe6c9b5325e1d8be31e9f62147e,1
2026-03-01,be904edf101f4127b110501904f175c0640b0fe6c9b5325e1d8be31e9f62147e,be904edf101f4127b110501904f175c0640b0fe6c9b5325e1d8be31e9f62147e,1
2026-03-02,be904edf101f4127b110501904f175c0640b0fe6c9b5325e1d8be31e9f62147e,be904edf101f4127b110501904f175c0640b0fe6c9b5325e1d8be31e9f62147e,1
2026-03-03,4b7a179ecd72cdc2d90afb7c5d104efcdb7cea631f354ed7878fb9b9e605632f,4b7a179ecd72cdc2d90afb7c5d104efcdb7cea631f354ed7878fb9b9e605632f,1
2026-03-04,4b7a179ecd72cdc2d90afb7c5d104efcdb7cea631f354ed7878fb9b9e605632f,4b7a179ecd72cdc2d90afb7c5d104efcdb7cea631f354ed7878fb9b9e605632f,1
2026-03-05,2d3ef6b442b2546efb58a4c2e84710523a6deb5545e6c346ecf1e8f725b57648,4b7a179ecd72cdc2d90afb7c5d104efcdb7cea631f354ed7878fb9b9e605632f,0
2026-03-06,2d3ef6b442b2546efb58a4c2e84710523a6deb5545e6c346ecf1e8f725b57648,2d3ef6b442b2546efb58a4c2e84710523a6deb5545e6c346ecf1e8f725b57648,1
2026-03-07,2d3ef6b442b2546efb58a4c2e84710523a6deb5545e6c346ecf1e8f725b57648,2d3ef6b442b2546efb58a4c2e84710523a6deb5545e6c346ecf1e8f725b57648,1
2026-03-08,2d3ef6b442b2546efb58a4c2e84710523a6deb5545e6c346ecf1e8f725b57648,2d3ef6b442b2546efb58a4c2e84710523a6deb5545e6c346ecf1e8f725b57648,1
2026-03-09,d2bedbda016b90d2f22bd5bc42dff78e87ee89024f8003cef4e57ae5e39cbe7f,2d3ef6b442b2546efb58a4c2e84710523a6deb5545e6c346ecf1e8f725b57648,0
2026-03-10,d2bedbda016b90d2f22bd5bc42dff78e87ee89024f8003cef4e57ae5e39cbe7f,d2bedbda016b90d2f22bd5bc42dff78e87ee89024f8003cef4e57ae5e39cbe7f,1
2026-03-11,0eed7c8288517ff693db4ee5a0cbea7eee21e3a3ee8817a05a75acd534885e7c,0eed7c8288517ff693db4ee5a0cbea7eee21e3a3ee8817a05a75acd534885e7c,1
2026-03-12,0eed7c8288517ff693db4ee5a0cbea7eee21e3a3ee8817a05a75acd534885e7c,0eed7c8288517ff693db4ee5a0cbea7eee21e3a3ee8817a05a75acd534885e7c,1
2026-03-13,2786776e77ad963d2cce1c4405eb30de9a1f69bab48f86c3d1e608eb8ebc110e,2786776e77ad963d2cce1c4405eb30de9a1f69bab48f86c3d1e608eb8ebc110e,1
2026-03-14,2786776e77ad963d2cce1c4405eb30de9a1f69bab48f86c3d1e608eb8ebc110e,2786776e77ad963d2cce1c4405eb30de9a1f69bab48f86c3d1e608eb8ebc110e,1
2026-03-15,2786776e77ad963d2cce1c4405eb30de9a1f69bab48f86c3d1e608eb8ebc110e,2786776e77ad963d2cce1c4405eb30de9a1f69bab48f86c3d1e608eb8ebc110e,1
2026-03-16,7fd3377a367d6be4559d5ab3c24c41cd8a8999ed0b51088aae2f94c4a2014337,7fd3377a367d6be4559d5ab3c24c41cd8a8999ed0b51088aae2f94c4a2014337,1
2026-03-17,7fd3377a367d6be4559d5ab3c24c41cd8a8999ed0b51088aae2f94c4a2014337,7fd3377a367d6be4559d5ab3c24c41cd8a8999ed0b51088aae2f94c4a2014337,1
2026-03-18,02da16464d41ca4b82a0542ece4fa01b7bf686aa603b3fd69140ef670d198ee8,8f3b2b7f984669c582f62faff84cb9a2ebd77df72552613e1d8c1370783228f1,0
2026-03-19,32fc395f8e79528de7b99be2a4c7b43907b6a2e159feb847fc41e93ab64fe40e,32fc395f8e79528de7b99be2a4c7b43907b6a2e159feb847fc41e93ab64fe40e,1
2026-03-20,e3fe2d59d69a77a3be3b126cab4688c7c7525b586c0a15a1d16fab255be9356f,e3fe2d59d69a77a3be3b126cab4688c7c7525b586c0a15a1d16fab255be9356f,1
2026-03-21,e3fe2d59d69a77a3be3b126cab4688c7c7525b586c0a15a1d16fab255be9356f,e3fe2d59d69a77a3be3b126cab4688c7c7525b586c0a15a1d16fab255be9356f,1
2026-03-22,e3fe2d59d69a77a3be3b126cab4688c7c7525b586c0a15a1d16fab255be9356f,e3fe2d59d69a77a3be3b126cab4688c7c7525b586c0a15a1d16fab255be9356f,1
2026-03-23,e3fe2d59d69a77a3be3b126cab4688c7c7525b586c0a15a1d16fab255be9356f,e3fe2d59d69a77a3be3b126cab4688c7c7525b586c0a15a1d16fab255be9356f,1
2026-03-24,e3fe2d59d69a77a3be3b126cab4688c7c7525b586c0a15a1d16fab255be9356f,e3fe2d59d69a77a3be3b126cab4688c7c7525b586c0a15a1d16fab255be9356f,1
2026-03-25,139ad574c872ee342a9f9e3acc66dfa6077fac92b7c9f1d3ad8c6736e80904a5,139ad574c872ee342a9f9e3acc66dfa6077fac92b7c9f1d3ad8c6736e80904a5,1
2026-03-26,f76909d550e61f501f8d54c3a1cdfb0cfe5db47019d6c2801acd22e3c119b52f,f76909d550e61f501f8d54c3a1cdfb0cfe5db47019d6c2801acd22e3c119b52f,1
2026-03-27,ce9048e208d8107aca7373e3cf1e7db8cb54b93e295ffa22ee6b1880e4527760,f76909d550e61f501f8d54c3a1cdfb0cfe5db47019d6c2801acd22e3c119b52f,0
2026-03-28,ce9048e208d8107aca7373e3cf1e7db8cb54b93e295ffa22ee6b1880e4527760,ce9048e208d8107aca7373e3cf1e7db8cb54b93e295ffa22ee6b1880e4527760,1
2026-03-29,ce9048e208d8107aca7373e3cf1e7db8cb54b93e295ffa22ee6b1880e4527760,ce9048e208d8107aca7373e3cf1e7db8cb54b93e295ffa22ee6b1880e4527760,1
2026-03-30,5989428bdf7b5ba4a12343404fd01aec42cf47f0feb3c593bf2e07b508c01254,ce9048e208d8107aca7373e3cf1e7db8cb54b93e295ffa22ee6b1880e4527760,0
2026-03-31,5989428bdf7b5ba4a12343404fd01aec42cf47f0feb3c593bf2e07b508c01254,5989428bdf7b5ba4a12343404fd01aec42cf47f0feb3c593bf2e07b508c01254,1
2026-04-01,8fbebbdd63160afd2882b747cdd0e542e94fbb34e20ee9ae9fa38f537fa7dcf2,5989428bdf7b5ba4a12343404fd01aec42cf47f0feb3c593bf2e07b508c01254,0
2026-04-02,9cb0f1705f77a5e131394d49881049b40720f4b253e082154c1731e6c3cc3251,409f9bff7726dfe16905e1d99100b07862b8ac3ddf42c3c313c80cd22b777d51,0
2026-04-03,9cb0f1705f77a5e131394d49881049b40720f4b253e082154c1731e6c3cc3251,9cb0f1705f77a5e131394d49881049b40720f4b253e082154c1731e6c3cc3251,1
2026-04-04,9cb0f1705f77a5e131394d49881049b40720f4b253e082154c1731e6c3cc3251,9cb0f1705f77a5e131394d49881049b40720f4b253e082154c1731e6c3cc3251,1
2026-04-05,9cb0f1705f77a5e131394d49881049b40720f4b253e082154c1731e6c3cc3251,9cb0f1705f77a5e131394d49881049b40720f4b253e082154c1731e6c3cc3251,1
2026-04-06,97071bbec015dbf3b04641fea6d119c48da1beccc1e109331d9f5a17810b1a31,97071bbec015dbf3b04641fea6d119c48da1beccc1e109331d9f5a17810b1a31,1
2026-04-07,97071bbec015dbf3b04641fea6d119c48da1beccc1e109331d9f5a17810b1a31,97071bbec015dbf3b04641fea6d119c48da1beccc1e109331d9f5a17810b1a31,1
2026-04-08,4ad42c01733f28716cab4f4fd2d10c37f70bb2265bef80f597d3dbb0160a627c,4ad42c01733f28716cab4f4fd2d10c37f70bb2265bef80f597d3dbb0160a627c,1
2026-04-09,4ad42c01733f28716cab4f4fd2d10c37f70bb2265bef80f597d3dbb0160a627c,4ad42c01733f28716cab4f4fd2d10c37f70bb2265bef80f597d3dbb0160a627c,1
2026-04-10,4ad42c01733f28716cab4f4fd2d10c37f70bb2265bef80f597d3dbb0160a627c,4ad42c01733f28716cab4f4fd2d10c37f70bb2265bef80f597d3dbb0160a627c,1
2026-04-11,4ad42c01733f28716cab4f4fd2d10c37f70bb2265bef80f597d3dbb0160a627c,4ad42c01733f28716cab4f4fd2d10c37f70bb2265bef80f597d3dbb0160a627c,1
2026-04-12,4ad42c01733f28716cab4f4fd2d10c37f70bb2265bef80f597d3dbb0160a627c,4ad42c01733f28716cab4f4fd2d10c37f70bb2265bef80f597d3dbb0160a627c,1
2026-04-13,bb776501fdebe96833cbcef769162d0b78bcd61f8782522d55d7f8109273630d,bb776501fdebe96833cbcef769162d0b78bcd61f8782522d55d7f8109273630d,1
2026-04-14,0464ca562aca06745c6057d1ed43dfaeea766ed908e881ed50a87266bc3cc733,0464ca562aca06745c6057d1ed43dfaeea766ed908e881ed50a87266bc3cc733,1
2026-04-15,0464ca562aca06745c6057d1ed43dfaeea766ed908e881ed50a87266bc3cc733,0464ca562aca06745c6057d1ed43dfaeea766ed908e881ed50a87266bc3cc733,1
2026-04-16,9dbcedae6be296e9d552ee613f3594990b41e26c34d5b947ebf76141ebaa1d73,9dbcedae6be296e9d552ee613f3594990b41e26c34d5b947ebf76141ebaa1d73,1
2026-04-17,9dbcedae6be296e9d552ee613f3594990b41e26c34d5b947ebf76141ebaa1d73,9dbcedae6be296e9d552ee613f3594990b41e26c34d5b947ebf76141ebaa1d73,1
2026-04-18,9dbcedae6be296e9d552ee613f3594990b41e26c34d5b947ebf76141ebaa1d73,9dbcedae6be296e9d552ee613f3594990b41e26c34d5b947ebf76141ebaa1d73,1
2026-04-19,9dbcedae6be296e9d552ee613f3594990b41e26c34d5b947ebf76141ebaa1d73,9dbcedae6be296e9d552ee613f3594990b41e26c34d5b947ebf76141ebaa1d73,1
2026-04-20,22b66987e7f19563f58b34a66a4b65fa75ff75a26d98df085fc611bfae4f970b,9dbcedae6be296e9d552ee613f3594990b41e26c34d5b947ebf76141ebaa1d73,0
2026-04-21,6090c7d5c2aaebdf1708af6e8e0b02b8e36ee94249d528b2fb81cd4f47b05d18,6090c7d5c2aaebdf1708af6e8e0b02b8e36ee94249d528b2fb81cd4f47b05d18,1
2026-04-22,31c927674912cc22f76cf65ec1ef8b41f7e77fb4bf425ca95d8eca8d2cb0ba8d,6090c7d5c2aaebdf1708af6e8e0b02b8e36ee94249d528b2fb81cd4f47b05d18,0
2026-04-23,fc0ac24271618f629f144477df5c8130671038c83819184bf9c94a98cf71ddd1,fc0ac24271618f629f144477df5c8130671038c83819184bf9c94a98cf71ddd1,1
2026-04-24,c0ede84e40628f4f1987ac08edcdc3ef432a85caea5e4f4d83f5c834b0cc4439,c0ede84e40628f4f1987ac08edcdc3ef432a85caea5e4f4d83f5c834b0cc4439,1
2026-04-25,c0ede84e40628f4f1987ac08edcdc3ef432a85caea5e4f4d83f5c834b0cc4439,c0ede84e40628f4f1987ac08edcdc3ef432a85caea5e4f4d83f5c834b0cc4439,1
2026-04-26,c0ede84e40628f4f1987ac08edcdc3ef432a85caea5e4f4d83f5c834b0cc4439,c0ede84e40628f4f1987ac08edcdc3ef432a85caea5e4f4d83f5c834b0cc4439,1
2026-04-27,c0ede84e40628f4f1987ac08edcdc3ef432a85caea5e4f4d83f5c834b0cc4439,c0ede84e40628f4f1987ac08edcdc3ef432a85caea5e4f4d83f5c834b0cc4439,1
2026-04-28,ef2580c962a93dba8c0fb38354b6661836f16f414417c27731ec606b00813728,ef2580c962a93dba8c0fb38354b6661836f16f414417c27731ec606b00813728,1
2026-04-29,ef2580c962a93dba8c0fb38354b6661836f16f414417c27731ec606b00813728,ef2580c962a93dba8c0fb38354b6661836f16f414417c27731ec606b00813728,1
2026-04-30,a14714249e216f5d5df5a69df52731689d8beb44572b385c672e5c02561cd4a4,a14714249e216f5d5df5a69df52731689d8beb44572b385c672e5c02561cd4a4,1
2026-05-01,773fcef77ae09d20967942cef4d04f31b916199e8f5338d4dda416c5cf2bc741,a14714249e216f5d5df5a69df52731689d8beb44572b385c672e5c02561cd4a4,0
2026-05-02,773fcef77ae09d20967942cef4d04f31b916199e8f5338d4dda416c5cf2bc741,773fcef77ae09d20967942cef4d04f31b916199e8f5338d4dda416c5cf2bc741,1
2026-05-03,773fcef77ae09d20967942cef4d04f31b916199e8f5338d4dda416c5cf2bc741,773fcef77ae09d20967942cef4d04f31b916199e8f5338d4dda416c5cf2bc741,1
2026-05-04,773fcef77ae09d20967942cef4d04f31b916199e8f5338d4dda416c5cf2bc741,773fcef77ae09d20967942cef4d04f31b916199e8f5338d4dda416c5cf2bc741,1
2026-05-05,2058845b35949d822f43e0d464d9ca86f43199bdbbfd336b50636c3d4d312864,2058845b35949d822f43e0d464d9ca86f43199bdbbfd336b50636c3d4d312864,1
2026-05-06,04f505c7a8d3660c1622068faf20967e32a2bb897b5ca5d067b4bb9fbead7786,672c4d47c579081d6af16dc0ec89112caa68ea9f57c74bfc33a5f6f2e52970ff,0
2026-05-07,b96d6f99c2462e9ea4dcad0b6d08a4a38162663f5d7a727cd331c05816ee7784,b96d6f99c2462e9ea4dcad0b6d08a4a38162663f5d7a727cd331c05816ee7784,1
2026-05-08,3108b97ca807e8fbafeedbf637f2a94a06e60f632f6fe1ee8429ffc75c038284,3108b97ca807e8fbafeedbf637f2a94a06e60f632f6fe1ee8429ffc75c038284,1
2026-05-09,3108b97ca807e8fbafeedbf637f2a94a06e60f632f6fe1ee8429ffc75c038284,3108b97ca807e8fbafeedbf637f2a94a06e60f632f6fe1ee8429ffc75c038284,1
2026-05-10,3108b97ca807e8fbafeedbf637f2a94a06e60f632f6fe1ee8429ffc75c038284,3108b97ca807e8fbafeedbf637f2a94a06e60f632f6fe1ee8429ffc75c038284,1
2026-05-11,3108b97ca807e8fbafeedbf637f2a94a06e60f632f6fe1ee8429ffc75c038284,3108b97ca807e8fbafeedbf637f2a94a06e60f632f6fe1ee8429ffc75c038284,1
2026-05-12,3108b97ca807e8fbafeedbf637f2a94a06e60f632f6fe1ee8429ffc75c038284,3108b97ca807e8fbafeedbf637f2a94a06e60f632f6fe1ee8429ffc75c038284,1
2026-05-13,966b5dbc80281f10b2f3295c9afb54ab03d24adc95bdda65a99ab8b88eb9d353,966b5dbc80281f10b2f3295c9afb54ab03d24adc95bdda65a99ab8b88eb9d353,1
2026-05-14,9635b4e0431088e39a44808a6ef80fc9f7dc55161b105189e3763bb7e46bc340,9635b4e0431088e39a44808a6ef80fc9f7dc55161b105189e3763bb7e46bc340,1
2026-05-15,0c1e7fe4436733e82d3d4295cabbc8c960b1c19d7707990f3676ac19b6199dfd,0c1e7fe4436733e82d3d4295cabbc8c960b1c19d7707990f3676ac19b6199dfd,1
2026-05-16,0c1e7fe4436733e82d3d4295cabbc8c960b1c19d7707990f3676ac19b6199dfd,0c1e7fe4436733e82d3d4295cabbc8c960b1c19d7707990f3676ac19b6199dfd,1
2026-05-17,0c1e7fe4436733e82d3d4295cabbc8c960b1c19d7707990f3676ac19b6199dfd,0c1e7fe4436733e82d3d4295cabbc8c960b1c19d7707990f3676ac19b6199dfd,1
2026-05-18,0c1e7fe4436733e82d3d4295cabbc8c960b1c19d7707990f3676ac19b6199dfd,0c1e7fe4436733e82d3d4295cabbc8c960b1c19d7707990f3676ac19b6199dfd,1
2026-05-19,0c1e7fe4436733e82d3d4295cabbc8c960b1c19d7707990f3676ac19b6199dfd,0c1e7fe4436733e82d3d4295cabbc8c960b1c19d7707990f3676ac19b6199dfd,1
2026-05-20,97b36d2db56e62e507322db6427663de0b7159ca8db1d5d5b17019453270f16d,97b36d2db56e62e507322db6427663de0b7159ca8db1d5d5b17019453270f16d,1
2026-05-21,6fd0c00c49de2ee6501e750968f1eb033e8cd2feb9ad69f4b4ce748a8081d589,cd57810cbc327b40c52d5cc50dff18dd738d24aa8e6de75ff80f94a462fba9e5,0
2026-05-22,c7bb7c2527833b085315f5da71eb10a1fed36e8b6b06ce116f35362c04eb8217,6fd0c00c49de2ee6501e750968f1eb033e8cd2feb9ad69f4b4ce748a8081d589,0
2026-05-23,c7bb7c2527833b085315f5da71eb10a1fed36e8b6b06ce116f35362c04eb8217,c7bb7c2527833b085315f5da71eb10a1fed36e8b6b06ce116f35362c04eb8217,1
2026-05-24,c7bb7c2527833b085315f5da71eb10a1fed36e8b6b06ce116f35362c04eb8217,c7bb7c2527833b085315f5da71eb10a1fed36e8b6b06ce116f35362c04eb8217,1
2026-05-25,c7bb7c2527833b085315f5da71eb10a1fed36e8b6b06ce116f35362c04eb8217,c7bb7c2527833b085315f5da71eb10a1fed36e8b6b06ce116f35362c04eb8217,1
2026-05-26,22461be9eb5500a45e956248f236917fc8e03ac77bc239e512d2e11940d4d8eb,22461be9eb5500a45e956248f236917fc8e03ac77bc239e512d2e11940d4d8eb,1
2026-05-27,62163e6fa7a8bbe6c0ed0044a481a33a64c677a197d7fdcc5866d1788375fb83,62163e6fa7a8bbe6c0ed0044a481a33a64c677a197d7fdcc5866d1788375fb83,1
2026-05-28,790998bd5f4d66cf13c0f8dc4afc95d0e23289137ea784dff6efc49f39a07848,790998bd5f4d66cf13c0f8dc4afc95d0e23289137ea784dff6efc49f39a07848,1
2026-05-29,446509ce646334a076be58b4f869e429617b51037a9a0be79028a62763f36b35,790998bd5f4d66cf13c0f8dc4afc95d0e23289137ea784dff6efc49f39a07848,0
2026-05-30,446509ce646334a076be58b4f869e429617b51037a9a0be79028a62763f36b35,446509ce646334a076be58b4f869e429617b51037a9a0be79028a62763f36b35,1
2026-05-31,446509ce646334a076be58b4f869e429617b51037a9a0be79028a62763f36b35,446509ce646334a076be58b4f869e429617b51037a9a0be79028a62763f36b35,1
2026-06-01,7e452f76c8c58cdf180fd6d5b13ebdcbce4f6222b6163bb0ec6279002eab498a,7e452f76c8c58cdf180fd6d5b13ebdcbce4f6222b6163bb0ec6279002eab498a,1
2026-06-03,a9f3e29e22c513ba59efd07d6706f804887c9b75910b09fd74adf4bb45704f3f,7714ab29f30a9f624b52a2771525785e8d6ae8e9b397a66f8f9679ef2782e123,0
2026-06-04,7714ab29f30a9f624b52a2771525785e8d6ae8e9b397a66f8f9679ef2782e123,7714ab29f30a9f624b52a2771525785e8d6ae8e9b397a66f8f9679ef2782e123,1
2026-06-05,768ce755885891a0dc8e4527173478851ceedc5c7c361a0c233e864513f39be6,768ce755885891a0dc8e4527173478851ceedc5c7c361a0c233e864513f39be6,1
2026-06-06,768ce755885891a0dc8e4527173478851ceedc5c7c361a0c233e864513f39be6,768ce755885891a0dc8e4527173478851ceedc5c7c361a0c233e864513f39be6,1
2026-06-07,768ce755885891a0dc8e4527173478851ceedc5c7c361a0c233e864513f39be6,768ce755885891a0dc8e4527173478851ceedc5c7c361a0c233e864513f39be6,1
2026-06-08,af7961c33c7f0b024ad56c6e609f3e208642065937a0002f17d7b2e04cd576b5,6c139f999b8b719af143a2554437914f5ce65dd5937f12cd3e888aca79e933ec,0
2026-06-09,ed67b4678b80bfa1de76260eac07fa7df9de181d2b2dbcca4b26f49ef9db52df,6c4e4c8521b0395682c8564823e8a37f7114f8f1400e3dd4ccd4c46447962a72,0
2026-06-10,ed67b4678b80bfa1de76260eac07fa7df9de181d2b2dbcca4b26f49ef9db52df,ed67b4678b80bfa1de76260eac07fa7df9de181d2b2dbcca4b26f49ef9db52df,1
2026-06-12,f3f28a180c2591f387aa304a0b2295ab04852d2aa22f99da0138d33d445963b2,f3f28a180c2591f387aa304a0b2295ab04852d2aa22f99da0138d33d445963b2,1
2026-06-13,f3f28a180c2591f387aa304a0b2295ab04852d2aa22f99da0138d33d445963b2,f3f28a180c2591f387aa304a0b2295ab04852d2aa22f99da0138d33d445963b2,1
2026-06-14,f3f28a180c2591f387aa304a0b2295ab04852d2aa22f99da0138d33d445963b2,f3f28a180c2591f387aa304a0b2295ab04852d2aa22f99da0138d33d445963b2,1
2026-06-16,6590b8e64b7c59fb7caf455bfd933899ccffa3b3ab9ab640ebf685f88a8a50c6,0758e0bb78cdc2c54f2b8b99b474296586926ca2261b240b6795beb1eb654ac1,0
2026-06-17,6590b8e64b7c59fb7caf455bfd933899ccffa3b3ab9ab640ebf685f88a8a50c6,6590b8e64b7c59fb7caf455bfd933899ccffa3b3ab9ab640ebf685f88a8a50c6,1
2026-06-19,b89da0489493eedd58e51cb42746540040295323c6768e9f59660cb1e50e4ee3,b89da0489493eedd58e51cb42746540040295323c6768e9f59660cb1e50e4ee3,1
2026-06-20,b89da0489493eedd58e51cb42746540040295323c6768e9f59660cb1e50e4ee3,b89da0489493eedd58e51cb42746540040295323c6768e9f59660cb1e50e4ee3,1
2026-06-21,b89da0489493eedd58e51cb42746540040295323c6768e9f59660cb1e50e4ee3,b89da0489493eedd58e51cb42746540040295323c6768e9f59660cb1e50e4ee3,1
2026-06-22,b89da0489493eedd58e51cb42746540040295323c6768e9f59660cb1e50e4ee3,b89da0489493eedd58e51cb42746540040295323c6768e9f59660cb1e50e4ee3,1
2026-06-23,644ef2f546bf37c75b49e11b3acf03bfb201252ade36d8d91898116d555a6be5,644ef2f546bf37c75b49e11b3acf03bfb201252ade36d8d91898116d555a6be5,1
2026-06-24,644ef2f546bf37c75b49e11b3acf03bfb201252ade36d8d91898116d555a6be5,644ef2f546bf37c75b49e11b3acf03bfb201252ade36d8d91898116d555a6be5,1
2026-06-25,9cb872fd60d6dd14dbb5daf2a6709408899fbbe24dbbd7f6c500956881dc517a,644ef2f546bf37c75b49e11b3acf03bfb201252ade36d8d91898116d555a6be5,0
2026-06-26,9cb872fd60d6dd14dbb5daf2a6709408899fbbe24dbbd7f6c500956881dc517a,9cb872fd60d6dd14dbb5daf2a6709408899fbbe24dbbd7f6c500956881dc517a,1
2026-06-27,9cb872fd60d6dd14dbb5daf2a6709408899fbbe24dbbd7f6c500956881dc517a,9cb872fd60d6dd14dbb5daf2a6709408899fbbe24dbbd7f6c500956881dc517a,1
2026-06-28,9cb872fd60d6dd14dbb5daf2a6709408899fbbe24dbbd7f6c500956881dc517a,9cb872fd60d6dd14dbb5daf2a6709408899fbbe24dbbd7f6c500956881dc517a,1
2026-06-29,2bf7b45aac1dd9efeaeb6c79592e8d5b07eab66a431962aa215c24387da55a46,9cb872fd60d6dd14dbb5daf2a6709408899fbbe24dbbd7f6c500956881dc517a,0
2026-06-30,2bf7b45aac1dd9efeaeb6c79592e8d5b07eab66a431962aa215c24387da55a46,2bf7b45aac1dd9efeaeb6c79592e8d5b07eab66a431962aa215c24387da55a46,1
2026-07-01,e46d7835688d0608465fba12c47c0d1ad51700f3e06ec8417aed1f239ea204bc,2bf7b45aac1dd9efeaeb6c79592e8d5b07eab66a431962aa215c24387da55a46,0
2026-07-03,e46d7835688d0608465fba12c47c0d1ad51700f3e06ec8417aed1f239ea204bc,e46d7835688d0608465fba12c47c0d1ad51700f3e06ec8417aed1f239ea204bc,1
2026-07-04,e46d7835688d0608465fba12c47c0d1ad51700f3e06ec8417aed1f239ea204bc,e46d7835688d0608465fba12c47c0d1ad51700f3e06ec8417aed1f239ea204bc,1
2026-07-05,e46d7835688d0608465fba12c47c0d1ad51700f3e06ec8417aed1f239ea204bc,e46d7835688d0608465fba12c47c0d1ad51700f3e06ec8417aed1f239ea204bc,1
2026-07-06,e46d7835688d0608465fba12c47c0d1ad51700f3e06ec8417aed1f239ea204bc,e46d7835688d0608465fba12c47c0d1ad51700f3e06ec8417aed1f239ea204bc,1
2026-07-07,e46d7835688d0608465fba12c47c0d1ad51700f3e06ec8417aed1f239ea204bc,9d5064a25a1f0945010cef67790a2581dc10ee267f7a0a1f50f286459dddcfd7,0
2026-07-08,9d5064a25a1f0945010cef67790a2581dc10ee267f7a0a1f50f286459dddcfd7,9d5064a25a1f0945010cef67790a2581dc10ee267f7a0a1f50f286459dddcfd7,1
2026-07-09,9d5064a25a1f0945010cef67790a2581dc10ee267f7a0a1f50f286459dddcfd7,9d5064a25a1f0945010cef67790a2581dc10ee267f7a0a1f50f286459dddcfd7,1
2026-07-10,9d5064a25a1f0945010cef67790a2581dc10ee267f7a0a1f50f286459dddcfd7,176908ef1499c728556ed5c7e8950dd1f3ec227e01fa1af46196323a116f6f67,0
2026-07-11,176908ef1499c728556ed5c7e8950dd1f3ec227e01fa1af46196323a116f6f67,176908ef1499c728556ed5c7e8950dd1f3ec227e01fa1af46196323a116f6f67,1
2026-07-12,176908ef1499c728556ed5c7e8950dd1f3ec227e01fa1af46196323a116f6f67,176908ef1499c728556ed5c7e8950dd1f3ec227e01fa1af46196323a116f6f67,1
2026-07-13,176908ef1499c728556ed5c7e8950dd1f3ec227e01fa1af46196323a116f6f67,e2f3e463b4f87f06cbf63448bfbc94efcd9ba8223df0365731215e85e4353c1a,0
2026-07-14,e2f3e463b4f87f06cbf63448bfbc94efcd9ba8223df0365731215e85e4353c1a,63f4180e0e1146c79a5fdd583e14e5926e11baaeb479380d1243dc4f6de69445,0
2026-07-15,cee490b2535982105ede4a83db57f4e755244d4b71ab597e49776d52aaa85ac5,4732fc4190047f8eee4a61c5b1886044352376466fd5a8fc3cbdec4d6eea5647,0
2026-07-16,4732fc4190047f8eee4a61c5b1886044352376466fd5a8fc3cbdec4d6eea5647,3021840b25278860a58944e41e270c9f8b1d61ba3b4ea4433af7b3d97e9803b6,0
2026-07-17,3021840b25278860a58944e41e270c9f8b1d61ba3b4ea4433af7b3d97e9803b6,3021840b25278860a58944e41e270c9f8b1d61ba3b4ea4433af7b3d97e9803b6,1
2026-07-18,3021840b25278860a58944e41e270c9f8b1d61ba3b4ea4433af7b3d97e9803b6,3021840b25278860a58944e41e270c9f8b1d61ba3b4ea4433af7b3d97e9803b6,1
2026-07-19,3021840b25278860a58944e41e270c9f8b1d61ba3b4ea4433af7b3d97e9803b6,3021840b25278860a58944e41e270c9f8b1d61ba3b4ea4433af7b3d97e9803b6,1
2026-07-20,3021840b25278860a58944e41e270c9f8b1d61ba3b4ea4433af7b3d97e9803b6,3021840b25278860a58944e41e270c9f8b1d61ba3b4ea4433af7b3d97e9803b6,1
2026-07-21,3021840b25278860a58944e41e270c9f8b1d61ba3b4ea4433af7b3d97e9803b6,37a73304739b933340388239f13955d77b9830a588d0d907dc0fbfc08b5b53ef,0
2026-07-22,37a73304739b933340388239f13955d77b9830a588d0d907dc0fbfc08b5b53ef,37a73304739b933340388239f13955d77b9830a588d0d907dc0fbfc08b5b53ef,1
2026-07-23,298a2262258916878c542f875a348faaf7efe7ec76cf831d17b289e54751dd64,e8627860255560878facc48e84f903411f5cbb78d2d4d92f56c7c1aca21bfe41,0
2026-07-24,e8627860255560878facc48e84f903411f5cbb78d2d4d92f56c7c1aca21bfe41,e8627860255560878facc48e84f903411f5cbb78d2d4d92f56c7c1aca21bfe41,1
2026-07-25,9c772363b145c0045f9b251f7ade6641b2e4ebb0bf41848386f9d7a283c408cc,9c772363b145c0045f9b251f7ade6641b2e4ebb0bf41848386f9d7a283c408cc,1
2026-07-26,9c772363b145c0045f9b251f7ade6641b2e4ebb0bf41848386f9d7a283c408cc,9c772363b145c0045f9b251f7ade6641b2e4ebb0bf41848386f9d7a283c408cc,1
2026-07-27,9c772363b145c0045f9b251f7ade6641b2e4ebb0bf41848386f9d7a283c408cc,b9a629f1ba75bddcfe64280912ae55dcce01511b497475d9829b4a2ddde7950f,0
2026-07-28,e9a3a5412b0d714931ffbd8114e3784519a003ce473d9db5bd382f739d6b4a24,e9a3a5412b0d714931ffbd8114e3784519a003ce473d9db5bd382f739d6b4a24,1
2026-07-29,e9a3a5412b0d714931ffbd8114e3784519a003ce473d9db5bd382f739d6b4a24,e9a3a5412b0d714931ffbd8114e3784519a003ce473d9db5bd382f739d6b4a24,1
2026-07-30,e9a3a5412b0d714931ffbd8114e3784519a003ce473d9db5bd382f739d6b4a24,e9a3a5412b0d714931ffbd8114e3784519a003ce473d9db5bd382f739d6b4a24,1
2026-07-31,e9a3a5412b0d714931ffbd8114e3784519a003ce473d9db5bd382f739d6b4a24,e9a3a5412b0d714931ffbd8114e3784519a003ce473d9db5bd382f739d6b4a24,1
2026-08-01,e9a3a5412b0d714931ffbd8114e3784519a003ce473d9db5bd382f739d6b4a24,e9a3a5412b0d714931ffbd8114e3784519a003ce473d9db5bd382f739d6b4a24,1
2026-08-02,e9a3a5412b0d714931ffbd8114e3784519a003ce473d9db5bd382f739d6b4a24,e9a3a5412b0d714931ffbd8114e3784519a003ce473d9db5bd382f739d6b4a24,1
2026-08-03,e9a3a5412b0d714931ffbd8114e3784519a003ce473d9db5bd382f739d6b4a24,e9a3a5412b0d714931ffbd8114e3784519a003ce473d9db5bd382f739d6b4a24,1
2026-08-04,77e4a9f997c793345ef451ce809b79276ff9bff61d726ffd473cba722d6aa95d,d2bfce37798e990eb7a6e1b9ed86f86a575fa97eb6e7fa586965f4a2c0b48347,0
2026-08-05,d2bfce37798e990eb7a6e1b9ed86f86a575fa97eb6e7fa586965f4a2c0b48347,ea96ad68d3f5c562b413cc47325e5db84f843d57ced93ef5d6063e0663a505b2,0
2026-08-07,1381386175ab8ceafec34576e87366a98155c03c055fb9dfab3f045f0a7b0b53,1381386175ab8ceafec34576e87366a98155c03c055fb9dfab3f045f0a7b0b53,1
2026-08-08,1381386175ab8ceafec34576e87366a98155c03c055fb9dfab3f045f0a7b0b53,1381386175ab8ceafec34576e87366a98155c03c055fb9dfab3f045f0a7b0b53,1
2026-08-09,1381386175ab8ceafec34576e87366a98155c03c055fb9dfab3f045f0a7b0b53,1381386175ab8ceafec34576e87366a98155c03c055fb9dfab3f045f0a7b0b53,1
2026-08-10,f10b8ae3776844b139d7fbffebce528cb321e6085d2cf9f55f11d27a98466d23,f10b8ae3776844b139d7fbffebce528cb321e6085d2cf9f55f11d27a98466d23,1
2026-08-12,af5ec1b31f7f02e7da696c27b8fc27eb21592d81a62af978667556f4f13d403a,af5ec1b31f7f02e7da696c27b8fc27eb21592d81a62af978667556f4f13d403a,1
2026-08-13,af5ec1b31f7f02e7da696c27b8fc27eb21592d81a62af978667556f4f13d403a,af5ec1b31f7f02e7da696c27b8fc27eb21592d81a62af978667556f4f13d403a,1
2026-08-14,57d034c2fc835cffbbb38d057dba7d8b96e7ba6318a194b73baecfc5a4c11c27,57d034c2fc835cffbbb38d057dba7d8b96e7ba6318a194b73baecfc5a4c11c27,1
2026-08-15,57d034c2fc835cffbbb38d057dba7d8b96e7ba6318a194b73baecfc5a4c11c27,57d034c2fc835cffbbb38d057dba7d8b96e7ba6318a194b73baecfc5a4c11c27,1
2026-08-16,57d034c2fc835cffbbb38d057dba7d8b96e7ba6318a194b73baecfc5a4c11c27,57d034c2fc835cffbbb38d057dba7d8b96e7ba6318a194b73baecfc5a4c11c27,1
2026-08-17,7763282f44b83fc9047f746cb3acbde48d5d364ae5af635a9f7549dc1ad8a547,7763282f44b83fc9047f746cb3acbde48d5d364ae5af635a9f7549dc1ad8a547,1
2026-08-18,a4a9dc95ecf3b74926373996f7a8f7df333c7a4332ff9b07b9798337aa436aa3,a4a9dc95ecf3b74926373996f7a8f7df333c7a4332ff9b07b9798337aa436aa3,1
2026-08-19,ed759541683022e09b7fd7f560119f3688531a4e4f338959973799996a932737,ed759541683022e09b7fd7f560119f3688531a4e4f338959973799996a932737,1
2026-08-20,c8342d0f6920009c32303e0b12e77b250c25c04d90cffc6ac283d00f234eea27,c8342d0f6920009c32303e0b12e77b250c25c04d90cffc6ac283d00f234eea27,1
2026-08-21,e18d3e843ce865c453bf314931ad5759c32f900ea714b6fced49bd0de63a793a,e18d3e843ce865c453bf314931ad5759c32f900ea714b6fced49bd0de63a793a,1
2026-08-22,e18d3e843ce865c453bf314931ad5759c32f900ea714b6fced49bd0de63a793a,e18d3e843ce865c453bf314931ad5759c32f900ea714b6fced49bd0de63a793a,1
2026-08-23,e18d3e843ce865c453bf314931ad5759c32f900ea714b6fced49bd0de63a793a,e18d3e843ce865c453bf314931ad5759c32f900ea714b6fced49bd0de63a793a,1
2026-08-24,8a3d2ebbad064822b09e03379585d7052fc2a558003f10948eb66910e2992ee7,8a3d2ebbad064822b09e03379585d7052fc2a558003f10948eb66910e2992ee7,1
2026-08-25,220034ddd496c83d738887f5bf1bbaeeddb7ab1c568379b891adddc8b45b73a6,220034ddd496c83d738887f5bf1bbaeeddb7ab1c568379b891adddc8b45b73a6,1
2026-08-28,e36b524557671393ff4ac23c1d6574524a44f19b9efdcca6aa4ff549a2ed5e1a,e36b524557671393ff4ac23c1d6574524a44f19b9efdcca6aa4ff549a2ed5e1a,1
2026-08-29,e36b524557671393ff4ac23c1d6574524a44f19b9efdcca6aa4ff549a2ed5e1a,e36b524557671393ff4ac23c1d6574524a44f19b9efdcca6aa4ff549a2ed5e1a,1
2026-08-30,e36b524557671393ff4ac23c1d6574524a44f19b9efdcca6aa4ff549a2ed5e1a,e36b524557671393ff4ac23c1d6574524a44f19b9efdcca6aa4ff549a2ed5e1a,1
2026-08-31,e36b524557671393ff4ac23c1d6574524a44f19b9efdcca6aa4ff549a2ed5e1a,23082829fa639537726ba48faece9b0bc32698ebeda41d0b926535e45205c73b,0
2026-09-01,23082829fa639537726ba48faece9b0bc32698ebeda41d0b926535e45205c73b,f1d645966a30b56e82b2130fd7252ee27f7dc2e05f8327ff67da890aae9af566,0
2026-09-02,f1d645966a30b56e82b2130fd7252ee27f7dc2e05f8327ff67da890aae9af566,64bcb1d89a248bf9f56c611b6bab1669ea2855b0feaf4c8b39f545d5974950f0,0
2026-09-03,64bcb1d89a248bf9f56c611b6bab1669ea2855b0feaf4c8b39f545d5974950f0,64bcb1d89a248bf9f56c611b6bab1669ea2855b0feaf4c8b39f545d5974950f0,1
2026-09-04,64bcb1d89a248bf9f56c611b6bab1669ea2855b0feaf4c8b39f545d5974950f0,3716061c1ce19c9801a9a82697b0c964c81a4b076e10d20e182c6eaa5de6299e,0
2026-09-05,3716061c1ce19c9801a9a82697b0c964c81a4b076e10d20e182c6eaa5de6299e,3716061c1ce19c9801a9a82697b0c964c81a4b076e10d20e182c6eaa5de6299e,1
2026-09-06,3716061c1ce19c9801a9a82697b0c964c81a4b076e10d20e182c6eaa5de6299e,3716061c1ce19c9801a9a82697b0c964c81a4b076e10d20e182c6eaa5de6299e,1
2026-09-07,3716061c1ce19c9801a9a82697b0c964c81a4b076e10d20e182c6eaa5de6299e,3716061c1ce19c9801a9a82697b0c964c81a4b076e10d20e182c6eaa5de6299e,1
2026-09-08,3716061c1ce19c9801a9a82697b0c964c81a4b076e10d20e182c6eaa5de6299e,0248ca8f907193947d5ec556b87f44c15a757acd6b5254d483ba7bb9bb9fad24,0
2026-09-09,0248ca8f907193947d5ec556b87f44c15a757acd6b5254d483ba7bb9bb9fad24,51b6d936893b36c6a7fa9ab8a5d7db8b9f607683f9f0eb571d2c2b5d65bcf2b5,0
